ID,Gene Symbol,ENTREZ_GENE_ID,ABS_CALL
1255_g_at,GUCA1A,2978.0,0
1431_at,CYP2E1,1571.0,0
1494_f_at,CYP2A6,1548.0,0
177_at,PLD1,5337.0,1
200074_s_at,RPL14,9045.0,1
200075_s_at,GUK1,2987.0,1
200078_s_at,ATP6V0B,533.0,1
200086_s_at,COX4I1,1327.0,1
200096_s_at,ATP6V0E1,8992.0,1
200627_at,PTGES3,10728.0,1
200642_at,SOD1,6647.0,1
200643_at,HDLBP,3069.0,1
200648_s_at,GLUL,2752.0,1
200650_s_at,LDHA,3939.0,1
200657_at,SLC25A5,292.0,1
200661_at,CTSA,5476.0,1
200681_at,GLO1,2739.0,1
200697_at,HK1,3098.0,1
200708_at,GOT2,2806.0,1
200710_at,ACADVL,37.0,1
200736_s_at,GPX1,2876.0,1
200737_at,PGK1,5230.0,1
200738_s_at,PGK1,5230.0,1
200742_s_at,TPP1,1200.0,1
200743_s_at,TPP1,1200.0,1
200748_s_at,FTH1,2495.0,1
200762_at,DPYSL2,1808.0,1
200768_s_at,MAT2A,4144.0,1
200769_s_at,MAT2A,4144.0,1
200789_at,ECH1,1891.0,1
200790_at,ODC1,4953.0,1
200793_s_at,ACO2,50.0,1
200813_s_at,PAFAH1B1,5048.0,1
200815_s_at,PAFAH1B1,5048.0,1
200816_s_at,PAFAH1B1,5048.0,1
200818_at,ATP5O,539.0,1
200822_x_at,TPI1,7167.0,1
200831_s_at,SCD,6319.0,1
200832_s_at,SCD,6319.0,1
200844_s_at,PRDX6,9588.0,1
200845_s_at,PRDX6,9588.0,1
200848_at,AHCYL1,10768.0,1
200849_s_at,AHCYL1,10768.0,1
200850_s_at,AHCYL1,10768.0,1
200862_at,DHCR24,1718.0,1
200866_s_at,PSAP,5660.0,1
200871_s_at,PSAP,5660.0,1
200883_at,UQCRC2,7385.0,1
200884_at,CKB,1152.0,1
200886_s_at,PGAM1,5223.0,1
200898_s_at,MGEA5,10724.0,1
200899_s_at,MGEA5,10724.0,1
200903_s_at,AHCY,191.0,1
200924_s_at,SLC3A2,6520.0,1
200925_at,COX6A1,1337.0,1
200946_x_at,GLUD1,2746.0,1
200947_s_at,GLUD1,2746.0,1
200954_at,ATP6V0C,527.0,0
200966_x_at,ALDOA,226.0,1
200975_at,PPT1,5538.0,1
200978_at,MDH1,4190.0,1
200979_at,PDHA1,5160.0,1
200980_s_at,PDHA1,5160.0,1
201006_at,PRDX2,7001.0,0
201007_at,HADHB,3032.0,1
201013_s_at,PAICS,10606.0,1
201014_s_at,PAICS,10606.0,1
201030_x_at,LDHB,3945.0,1
201035_s_at,HADH,3033.0,1
201036_s_at,HADH,3033.0,1
201037_at,PFKP,5214.0,1
201050_at,PLD3,23646.0,1
201066_at,CYC1,1537.0,1
201080_at,PIP4K2B,8396.0,1
201081_s_at,PIP4K2B,8396.0,1
201089_at,ATP6V1B2,526.0,1
201093_x_at,SDHA,6389.0,1
201102_s_at,PFKL,5211.0,1
201106_at,GPX4,2879.0,1
201118_at,PGD,5226.0,1
201119_s_at,COX8A,1351.0,1
201127_s_at,ACLY,47.0,1
201128_s_at,ACLY,47.0,1
201134_x_at,COX7C,1350.0,1
201135_at,ECHS1,1892.0,1
201171_at,ATP6V0E1,8992.0,1
201172_x_at,ATP6V0E1,8992.0,1
201193_at,IDH1,3417.0,1
201195_s_at,SLC7A5,8140.0,1
201196_s_at,AMD1,262.0,1
201197_at,AMD1,262.0,1
201226_at,NDUFB8,4714.0,1
201227_s_at,NDUFB8,4714.0,1
201231_s_at,ENO1,2023.0,1
201239_s_at,SPCS2,9789.0,1
201240_s_at,SPCS2,9789.0,1
201242_s_at,ATP1B1,481.0,1
201243_s_at,ATP1B1,481.0,1
201249_at,SLC2A1,6513.0,0
201250_s_at,SLC2A1,6513.0,1
201251_at,PKM,5315.0,1
201253_s_at,CDIPT,10423.0,1
201256_at,COX7A2L,9167.0,1
201266_at,TXNRD1,7296.0,1
201272_at,AKR1B1,231.0,1
201275_at,FDPS,2224.0,1
201282_at,OGDH,4967.0,1
201290_at,SEC11A,23478.0,1
201304_at,NDUFA5,4698.0,1
201313_at,ENO2,2026.0,1
201322_at,ATP5B,506.0,1
201339_s_at,SCP2,6342.0,1
201347_x_at,GRHPR,9380.0,1
201348_at,GPX3,2878.0,1
201397_at,PHGDH,26227.0,1
201403_s_at,MGST3,4259.0,1
201413_at,HSD17B4,3295.0,1
201415_at,GSS,2937.0,1
201425_at,ALDH2,217.0,1
201430_s_at,DPYSL3,1809.0,0
201431_s_at,DPYSL3,1809.0,0
201432_at,CAT,847.0,1
201433_s_at,PTDSS1,9791.0,1
201441_at,COX6B1,1340.0,1
201463_s_at,TALDO1,6888.0,1
201467_s_at,NQO1,1728.0,1
201468_s_at,NQO1,1728.0,1
201476_s_at,RRM1,6240.0,1
201477_s_at,RRM1,6240.0,1
201481_s_at,PYGB,5834.0,1
201509_at,IDH3B,3420.0,1
201516_at,SRM,6723.0,1
201554_x_at,GYG1,2992.0,1
201562_s_at,SORD,6652.0,1
201563_at,SORD,6652.0,1
201568_at,UQCRQ,27089.0,1
201571_s_at,DCTD,1635.0,1
201572_x_at,DCTD,1635.0,1
201577_at,NME1,4830.0,1
201597_at,COX7A2,1347.0,1
201598_s_at,INPPL1,3636.0,1
201599_at,OAT,4942.0,1
201612_at,ALDH9A1,223.0,1
201618_x_at,GPAA1,8733.0,1
201619_at,PRDX3,10935.0,1
201629_s_at,ACP1,52.0,1
201630_s_at,ACP1,52.0,1
201644_at,TSTA3,7264.0,1
201660_at,ACSL3,2181.0,1
201661_s_at,ACSL3,2181.0,1
201662_s_at,ACSL3,2181.0,1
201673_s_at,GYS1,2997.0,1
201695_s_at,PNP,4860.0,1
201704_at,ENTPD6,955.0,1
201722_s_at,GALNT1,2589.0,1
201723_s_at,GALNT1,2589.0,1
201724_s_at,GALNT1,2589.0,1
201740_at,NDUFS3,4722.0,1
201754_at,COX6C,1345.0,1
201761_at,MTHFD2,10797.0,1
201765_s_at,HEXA,3073.0,1
201790_s_at,DHCR7,1717.0,1
201791_s_at,DHCR7,1717.0,1
201795_at,LBR,3930.0,1
201801_s_at,SLC29A1,2030.0,1
201802_at,SLC29A1,2030.0,1
201804_x_at,TBCB,1155.0,1
201819_at,SCARB1,949.0,1
201847_at,LIPA,3988.0,1
201882_x_at,B4GALT1,2683.0,0
201883_s_at,B4GALT1,2683.0,1
201885_s_at,CYB5R3,1727.0,1
201890_at,RRM2,6241.0,1
201892_s_at,IMPDH2,3615.0,1
201900_s_at,AKR1A1,10327.0,1
201903_at,UQCRC1,7384.0,1
201913_s_at,COASY,80347.0,1
201920_at,SLC20A1,6574.0,1
201931_at,ETFA,2108.0,1
201944_at,HEXB,3074.0,1
201963_at,ACSL1,2180.0,1
201966_at,NDUFS2,4720.0,1
201968_s_at,PGM1,5236.0,1
201971_s_at,ATP6V1A,523.0,1
201972_at,ATP6V1A,523.0,1
201995_at,EXT1,2131.0,1
202000_at,NDUFA6,4700.0,1
202001_s_at,NDUFA6,4700.0,1
202002_at,ACAA2,10449.0,1
202003_s_at,ACAA2,10449.0,1
202004_x_at,SDHC,6391.0,1
202012_s_at,EXT2,2132.0,1
202013_s_at,EXT2,2132.0,1
202022_at,ALDOC,230.0,1
202025_x_at,ACAA1,30.0,1
202026_at,SDHD,6392.0,1
202043_s_at,SMS,6611.0,1
202053_s_at,ALDH3A2,224.0,1
202054_s_at,ALDH3A2,224.0,1
202069_s_at,IDH3A,3419.0,1
202070_s_at,IDH3A,3419.0,1
202077_at,NDUFAB1,4706.0,1
202090_s_at,UQCR11,10975.0,1
202108_at,PEPD,5184.0,1
202110_at,COX7B,1349.0,1
202111_at,SLC4A2,6522.0,1
202139_at,AKR7A2,8574.0,1
202144_s_at,ADSL,158.0,1
202148_s_at,PYCR1,5831.0,1
202175_at,CHPF,79586.0,1
202197_at,MTMR3,8897.0,1
202198_s_at,MTMR3,8897.0,0
202201_at,BLVRB,645.0,1
202218_s_at,FADS2,9415.0,1
202219_at,SLC6A8,6535.0,1
202223_at,STT3A,3703.0,1
202234_s_at,SLC16A1,6566.0,1
202235_at,SLC16A1,6566.0,1
202236_s_at,SLC16A1,6566.0,1
202245_at,LSS,4047.0,1
202263_at,CYB5R1,51706.0,1
202275_at,G6PD,2539.0,1
202277_at,SPTLC1,10558.0,1
202278_s_at,SPTLC1,10558.0,1
202282_at,HSD17B10,3028.0,1
202298_at,NDUFA1,4694.0,1
202309_at,MTHFD1,4522.0,1
202321_at,GGPS1,9453.0,1
202322_s_at,GGPS1,9453.0,1
202325_s_at,ATP5J,522.0,1
202326_at,EHMT2,10919.0,1
202331_at,BCKDHA,593.0,1
202338_at,TK1,7083.0,1
202343_x_at,COX5B,1329.0,1
202345_s_at,FABP5,2171.0,1
202366_at,ACADS,35.0,0
202382_s_at,GNPDA1,10007.0,1
202419_at,KDSR,2531.0,1
202422_s_at,ACSL4,2182.0,1
202427_s_at,MPC2,25874.0,1
202428_x_at,DBI,1622.0,1
202434_s_at,CYP1B1,1545.0,1
202435_s_at,CYP1B1,1545.0,1
202436_s_at,CYP1B1,1545.0,1
202437_s_at,CYP1B1,1545.0,1
202438_x_at,IDS,3423.0,1
202439_s_at,IDS,3423.0,1
202447_at,DECR1,1666.0,1
202459_s_at,LPIN2,9663.0,1
202460_s_at,LPIN2,9663.0,1
202464_s_at,PFKFB3,5209.0,1
202471_s_at,IDH3G,3421.0,1
202472_at,MPI,4351.0,1
202481_at,DHRS3,9249.0,1
202497_x_at,SLC2A3,6515.0,0
202498_s_at,SLC2A3,6515.0,0
202499_s_at,SLC2A3,6515.0,1
202502_at,ACADM,34.0,1
202528_at,GALE,2582.0,1
202532_s_at,DHFR,1719.0,1
202533_s_at,DHFR,1719.0,1
202534_x_at,DHFR,1719.0,1
202539_s_at,HMGCR,3156.0,1
202540_s_at,HMGCR,3156.0,1
202587_s_at,AK1,203.0,1
202588_at,AK1,203.0,1
202589_at,TYMS,7298.0,1
202605_at,GUSB,2990.0,1
202607_at,NDST1,3340.0,1
202608_s_at,NDST1,3340.0,0
202613_at,CTPS1,1503.0,1
202671_s_at,PDXK,8566.0,1
202675_at,SDHB,6390.0,1
202679_at,NPC1,4864.0,1
202698_x_at,COX4I1,1327.0,1
202703_at,DUSP11,8446.0,1
202706_s_at,UMPS,7372.0,1
202707_at,UMPS,7372.0,0
202715_at,CAD,790.0,1
202721_s_at,GFPT1,2673.0,1
202722_s_at,GFPT1,2673.0,1
202735_at,EBP,10682.0,1
202743_at,PIK3R3,8503.0,1
202744_at,SLC20A2,6575.0,0
202752_x_at,SLC7A8,23428.0,0
202767_at,ACP2,53.0,1
202772_at,HMGCL,3155.0,1
202780_at,OXCT1,5019.0,1
202783_at,NNT,23530.0,1
202784_s_at,NNT,23530.0,1
202785_at,NDUFA7,4701.0,1
202789_at,PLCG1,5335.0,1
202794_at,INPP1,3628.0,1
202797_at,SACM1L,22908.0,1
202800_at,SLC1A3,6507.0,1
202804_at,ABCC1,4363.0,0
202805_s_at,ABCC1,4363.0,1
202812_at,GAA,2548.0,1
202825_at,SLC25A4,291.0,1
202830_s_at,SLC37A4,2542.0,1
202831_at,GPX2,2877.0,1
202838_at,FUCA1,2517.0,1
202839_s_at,NDUFB7,4713.0,1
202844_s_at,RALBP1,10928.0,1
202845_s_at,RALBP1,10928.0,1
202846_s_at,PIGC,5279.0,1
202847_at,PCK2,5106.0,1
202850_at,ABCD3,5825.0,0
202854_at,HPRT1,3251.0,1
202862_at,FAH,2184.0,0
202872_at,ATP6V1C1,528.0,1
202873_at,ATP6V1C1,528.0,1
202874_s_at,ATP6V1C1,528.0,1
202888_s_at,ANPEP,290.0,1
202915_s_at,FAM20B,9917.0,1
202916_s_at,FAM20B,9917.0,1
202922_at,GCLC,2729.0,1
202923_s_at,GCLC,2729.0,1
202930_s_at,SUCLA2,8803.0,1
202934_at,HK2,3099.0,1
202941_at,NDUFV2,4729.0,1
202942_at,ETFB,2109.0,1
202943_s_at,NAGA,4668.0,1
202944_at,NAGA,4668.0,1
202945_at,FPGS,2356.0,1
202959_at,MUT,4594.0,1
202960_s_at,MUT,4594.0,1
202990_at,PYGL,5836.0,1
202991_at,STARD3,10948.0,1
202997_s_at,LOXL2,4017.0,1
202998_s_at,LOXL2,4017.0,1
202999_s_at,LOXL2,4017.0,0
203006_at,INPP5A,3632.0,1
203011_at,IMPA1,3612.0,1
203027_s_at,MVD,4597.0,1
203031_s_at,UROS,7390.0,1
203032_s_at,FH,2271.0,1
203033_x_at,FH,2271.0,1
203039_s_at,NDUFS1,4719.0,1
203040_s_at,HMBS,3145.0,1
203044_at,CHSY1,22856.0,1
203058_s_at,PAPSS2,9060.0,1
203059_s_at,PAPSS2,9060.0,1
203060_s_at,PAPSS2,9060.0,1
203067_at,PDHX,8050.0,1
203115_at,FECH,2235.0,1
203116_s_at,FECH,2235.0,1
203123_s_at,SLC11A2,4891.0,1
203124_s_at,SLC11A2,4891.0,1
203125_x_at,SLC11A2,4891.0,0
203126_at,IMPA2,3613.0,1
203127_s_at,SPTLC2,9517.0,1
203128_at,SPTLC2,9517.0,1
203155_at,SETDB1,9869.0,1
203157_s_at,GLS,2744.0,1
203158_s_at,GLS,2744.0,1
203159_at,GLS,2744.0,1
203164_at,SLC33A1,9197.0,1
203165_s_at,SLC33A1,9197.0,1
203178_at,GATM,2628.0,0
203179_at,GALT,2592.0,1
203180_at,ALDH1A3,220.0,1
203191_at,ABCB6,10058.0,0
203192_at,ABCB6,10058.0,1
203196_at,ABCC4,10257.0,1
203201_at,PMM2,5373.0,1
203211_s_at,MTMR2,8898.0,1
203212_s_at,MTMR2,8898.0,1
203217_s_at,ST3GAL5,8869.0,1
203219_s_at,APRT,353.0,1
203224_at,RFK,55312.0,1
203225_s_at,RFK,55312.0,1
203228_at,PAFAH1B3,5050.0,1
203234_at,UPP1,7378.0,1
203253_s_at,PPIP5K2,23262.0,1
203270_at,DTYMK,1841.0,1
203282_at,GBE1,2632.0,1
203283_s_at,HS2ST1,9653.0,1
203284_s_at,HS2ST1,9653.0,1
203285_s_at,HS2ST1,9653.0,1
203295_s_at,ATP1A2,477.0,0
203296_s_at,ATP1A2,477.0,0
203302_at,DCK,1633.0,1
203306_s_at,SLC35A1,10559.0,1
203331_s_at,INPP5D,3635.0,0
203332_s_at,INPP5D,3635.0,1
203335_at,PHYH,5264.0,1
203339_at,SLC25A12,8604.0,1
203340_s_at,SLC25A12,8604.0,1
203343_at,UGDH,7358.0,1
203371_s_at,NDUFB3,4709.0,1
203385_at,DGKA,1606.0,1
203392_s_at,CTBP1,1487.0,1
203397_s_at,GALNT3,2591.0,0
203398_s_at,GALNT3,2591.0,0
203401_at,PRPS2,5634.0,1
203419_at,KMT2B,9757.0,1
203423_at,RBP1,5947.0,0
203446_s_at,OCRL,4952.0,1
203452_at,B3GAT3,26229.0,1
203455_s_at,SAT1,6303.0,1
203458_at,SPR,6697.0,1
203467_at,PMM1,5372.0,1
203472_s_at,SLCO2B1,11309.0,0
203473_at,SLCO2B1,11309.0,0
203475_at,CYP19A1,1588.0,0
203478_at,NDUFC1,4717.0,1
203500_at,GCDH,2639.0,1
203502_at,BPGM,669.0,1
203504_s_at,ABCA1,19.0,1
203505_at,ABCA1,19.0,1
203515_s_at,PMVK,10654.0,1
203524_s_at,MPST,4357.0,1
203548_s_at,LPL,4023.0,0
203549_s_at,LPL,4023.0,0
203557_s_at,PCBD1,5092.0,1
203559_s_at,AOC1,26.0,0
203560_at,GGH,8836.0,1
203566_s_at,AGL,178.0,1
203576_at,BCAT2,587.0,1
203578_s_at,SLC7A6,9057.0,1
203579_s_at,SLC7A6,9057.0,1
203580_s_at,SLC7A6,9057.0,1
203606_at,NDUFS6,4726.0,1
203607_at,INPP5F,22876.0,1
203608_at,ALDH5A1,7915.0,1
203609_s_at,ALDH5A1,7915.0,0
203613_s_at,NDUFB6,4712.0,1
203615_x_at,SULT1A1,6817.0,1
203621_at,NDUFB5,4711.0,1
203633_at,CPT1A,1374.0,1
203634_s_at,CPT1A,1374.0,0
203649_s_at,PLA2G2A,5320.0,0
203656_at,FIG4,9896.0,1
203658_at,SLC25A20,788.0,1
203663_s_at,COX5A,9377.0,1
203665_at,HMOX1,3162.0,1
203669_s_at,DGAT1,8694.0,1
203676_at,GNS,2799.0,1
203681_at,IVD,3712.0,0
203682_s_at,IVD,3712.0,1
203699_s_at,DIO2,1734.0,1
203700_s_at,DIO2,1734.0,1
203708_at,PDE4B,5142.0,0
203711_s_at,HIBCH,26275.0,1
203722_at,ALDH4A1,8659.0,1
203723_at,ITPKB,3707.0,0
203741_s_at,ADCY7,113.0,1
203747_at,AQP3,360.0,0
203759_at,ST3GAL4,6484.0,1
203767_s_at,STS,412.0,1
203768_s_at,STS,412.0,0
203769_s_at,STS,412.0,1
203770_s_at,STS,412.0,0
203771_s_at,BLVRA,644.0,1
203772_at,BLVRA,644.0,0
203773_x_at,BLVRA,644.0,1
203774_at,MTR,4548.0,1
203775_at,SLC25A13,10165.0,1
203778_at,MANBA,4126.0,0
203816_at,DGUOK,1716.0,1
203817_at,GUCY1B3,2983.0,0
203879_at,PIK3CD,5293.0,1
203895_at,PLCB4,5332.0,1
203896_s_at,PLCB4,5332.0,1
203902_at,HEPH,9843.0,0
203903_s_at,HEPH,9843.0,0
203908_at,SLC4A4,8671.0,0
203913_s_at,HPGD,3248.0,0
203914_x_at,HPGD,3248.0,0
203916_at,NDST2,8509.0,1
203921_at,CHST2,9435.0,0
203925_at,GCLM,2730.0,1
203926_x_at,ATP5D,513.0,1
203939_at,NT5E,4907.0,1
203945_at,ARG2,384.0,1
203946_s_at,ARG2,384.0,1
203948_s_at,MPO,4353.0,0
203949_at,MPO,4353.0,0
203963_at,CA12,771.0,0
203979_at,CYP27A1,1593.0,0
203980_at,FABP4,2167.0,0
204041_at,MAOB,4129.0,0
204044_at,QPRT,23475.0,0
204046_at,PLCB2,5330.0,0
204053_x_at,PTEN,5728.0,1
204054_at,PTEN,5728.0,1
204056_s_at,MVK,4598.0,0
204058_at,ME1,4199.0,1
204059_s_at,ME1,4199.0,1
204067_at,SUOX,6821.0,1
204076_at,ENTPD4,9583.0,1
204077_x_at,ENTPD4,9583.0,1
204087_s_at,SLC5A6,8884.0,1
204091_at,PDE6D,5147.0,1
204110_at,HNMT,3176.0,0
204111_at,HNMT,3176.0,0
204112_s_at,HNMT,3176.0,0
204119_s_at,ADK,132.0,1
204120_s_at,ADK,132.0,1
204124_at,SLC34A2,10568.0,0
204130_at,HSD11B2,3291.0,0
204134_at,PDE2A,5138.0,0
204144_s_at,PIGQ,9091.0,1
204151_x_at,AKR1C1,1645.0,0
204154_at,CDO1,1036.0,0
204158_s_at,TCIRG1,10312.0,1
204167_at,BTD,686.0,1
204168_at,MGST2,4258.0,1
204169_at,IMPDH1,3614.0,1
204172_at,CPOX,1371.0,1
204187_at,GMPR,2766.0,0
204193_at,CHKB,1120.0,1
204209_at,PCYT1A,5130.0,1
204210_s_at,PCYT1A,5130.0,1
204212_at,ACOT8,10005.0,1
204224_s_at,GCH1,2643.0,1
204227_s_at,TK2,7084.0,1
204229_at,SLC17A7,57030.0,0
204230_s_at,SLC17A7,57030.0,1
204233_s_at,CHKA,1119.0,1
204241_at,ACOX3,8310.0,1
204242_s_at,ACOX3,8310.0,0
204245_s_at,RPP14,11102.0,1
204256_at,ELOVL6,79071.0,1
204257_at,FADS3,3995.0,1
204263_s_at,CPT2,1376.0,1
204264_at,CPT2,1376.0,1
204266_s_at,CHKA,1119.0,1
204276_at,TK2,7084.0,1
204277_s_at,TK2,7084.0,0
204289_at,ALDH6A1,4329.0,0
204290_s_at,ALDH6A1,4329.0,1
204293_at,SGSH,6448.0,1
204294_at,AMT,275.0,0
204296_at,SLC4A5,57835.0,0
204297_at,PIK3C3,5289.0,1
204309_at,CYP11A1,1583.0,0
204310_s_at,NPR2,4882.0,0
204311_at,ATP1B2,482.0,0
204332_s_at,AGA,175.0,1
204333_s_at,AGA,175.0,1
204343_at,ABCA3,21.0,0
204360_s_at,NAGLU,4669.0,1
204368_at,SLCO2A1,6578.0,1
204369_at,PIK3CA,5290.0,1
204374_s_at,GALK1,2584.0,1
204385_at,KYNU,8942.0,0
204388_s_at,MAOA,4128.0,0
204389_at,MAOA,4128.0,1
204393_s_at,ACPP,55.0,0
204394_at,SLC43A1,8501.0,0
204404_at,SLC12A2,6558.0,1
204417_at,GALC,2581.0,1
204418_x_at,GSTM2,2946.0,1
204428_s_at,LCAT,3931.0,1
204429_s_at,SLC2A5,6518.0,0
204430_s_at,SLC2A5,6518.0,0
204437_s_at,FOLR1,2348.0,0
204443_at,ARSA,410.0,0
204445_s_at,ALOX5,240.0,0
204446_s_at,ALOX5,240.0,0
204462_s_at,SLC16A2,6567.0,0
204476_s_at,PC,5091.0,0
204483_at,ENO3,2027.0,1
204484_at,PIK3C2B,5287.0,0
204491_at,PDE4D,5144.0,1
204497_at,ADCY9,115.0,1
204498_s_at,ADCY9,115.0,0
204508_s_at,CA12,771.0,0
204509_at,CA12,771.0,0
204515_at,HSD3B1,3283.0,0
204542_at,ST6GALNAC2,10610.0,0
204550_x_at,GSTM1,2944.0,1
204552_at,INPP4A,3631.0,1
204553_x_at,INPP4A,3631.0,0
204565_at,ACOT13,55856.0,1
204570_at,COX7A1,1346.0,0
204573_at,CROT,54677.0,1
204578_at,PPIP5K1,9677.0,1
204587_at,SLC25A14,9016.0,1
204588_s_at,SLC7A7,9056.0,0
204607_at,HMGCS2,3158.0,0
204608_at,ASL,435.0,1
204613_at,PLCG2,5336.0,1
204615_x_at,IDI1,3422.0,1
204638_at,ACP5,54.0,0
204639_at,ADA,100.0,1
204646_at,DPYD,1806.0,1
204648_at,NPR1,4881.0,0
204663_at,ME3,10873.0,1
204664_at,ALPP,250.0,0
204675_at,SRD5A1,6715.0,1
204685_s_at,ATP2B2,491.0,0
204691_x_at,PLA2G6,8398.0,0
204704_s_at,ALDOB,229.0,0
204705_x_at,ALDOB,229.0,0
204706_at,INPP5E,56623.0,1
204717_s_at,SLC29A2,3177.0,0
204719_at,ABCA8,10351.0,1
204735_at,PDE4A,5141.0,1
204748_at,PTGS2,5743.0,0
204788_s_at,PPOX,5498.0,1
204810_s_at,CKM,1158.0,0
204818_at,HSD17B2,3294.0,0
204829_s_at,FOLR2,2350.0,0
204836_at,GLDC,2731.0,0
204846_at,CP,1356.0,0
204856_at,B3GNT3,10331.0,0
204858_s_at,TYMP,1890.0,0
204862_s_at,NME3,4832.0,1
204865_at,CA3,761.0,0
204875_s_at,GMDS,2762.0,1
204881_s_at,UGCG,7357.0,1
204894_s_at,AOC3,8639.0,0
204920_at,CPS1,1373.0,1
204941_s_at,ALDH3B2,222.0,0
204942_s_at,ALDH3B2,222.0,0
204956_at,MTAP,4507.0,1
204997_at,GPD1,2819.0,0
205012_s_at,HAGH,3029.0,1
205029_s_at,FABP7,2173.0,0
205030_at,FABP7,2173.0,0
205042_at,GNE,10020.0,1
205043_at,CFTR,1080.0,0
205047_s_at,ASNS,440.0,1
205048_s_at,PSPH,5723.0,1
205052_at,AUH,549.0,1
205057_s_at,IDUA,3425.0,0
205058_at,SLC26A1,10861.0,0
205059_s_at,IDUA,3425.0,0
205065_at,ENPP1,5167.0,0
205066_s_at,ENPP1,5167.0,0
205073_at,CYP2J2,1573.0,0
205074_at,SLC22A5,6584.0,1
205077_s_at,PIGF,5281.0,1
205078_at,PIGF,5281.0,1
205082_s_at,AOX1,316.0,1
205083_at,AOX1,316.0,1
205095_s_at,ATP6V0A1,535.0,1
205097_at,SLC26A2,1836.0,1
205100_at,GFPT2,9945.0,1
205111_s_at,PLCE1,51196.0,1
205112_at,PLCE1,51196.0,1
205125_at,PLCD1,5333.0,0
205127_at,PTGS1,5742.0,0
205128_x_at,PTGS1,5742.0,0
205138_s_at,UST,10090.0,0
205139_s_at,UST,10090.0,1
205140_at,FPGT,8790.0,1
205142_x_at,ABCD1,215.0,0
205152_at,SLC6A1,6529.0,0
205164_at,GCAT,23464.0,1
205175_s_at,KHK,3795.0,0
205194_at,PSPH,5723.0,1
205199_at,CA9,768.0,1
205203_at,PLD1,5337.0,0
205208_at,ALDH1L1,10840.0,0
205219_s_at,GALK2,2585.0,1
205221_at,HGD,3081.0,0
205222_at,EHHADH,1962.0,1
205232_s_at,PAFAH2,5051.0,1
205233_s_at,PAFAH2,5051.0,0
205236_x_at,SOD3,6649.0,0
205243_at,SLC13A3,64849.0,0
205244_s_at,SLC13A3,64849.0,0
205260_s_at,ACYP1,97.0,1
205278_at,GAD1,2571.0,0
205281_s_at,PIGA,5277.0,1
205295_at,CKMT2,1160.0,0
205303_at,KCNJ8,3764.0,0
205304_s_at,KCNJ8,3764.0,0
205306_x_at,KMO,8564.0,0
205307_s_at,KMO,8564.0,0
205311_at,DDC,1644.0,0
205316_at,SLC15A2,6565.0,0
205317_s_at,SLC15A2,6565.0,0
205337_at,DCT,1638.0,0
205338_s_at,DCT,1638.0,0
205342_s_at,SULT1C2,6819.0,0
205343_at,SULT1C2,6819.0,0
205346_at,ST3GAL2,6483.0,1
205354_at,GAMT,2593.0,1
205355_at,ACADSB,36.0,1
205363_at,BBOX1,8424.0,0
205364_at,ACOX2,8309.0,0
205369_x_at,DBT,1629.0,1
205370_x_at,DBT,1629.0,1
205371_s_at,DBT,1629.0,1
205376_at,INPP4B,8821.0,1
205377_s_at,ACHE,43.0,0
205378_s_at,ACHE,43.0,0
205379_at,CBR3,874.0,1
205404_at,HSD11B1,3290.0,0
205410_s_at,ATP2B4,493.0,0
205412_at,ACAT1,38.0,1
205421_at,SLC22A3,6581.0,0
205433_at,BCHE,590.0,1
205452_at,PIGB,9488.0,1
205465_x_at,HS3ST1,9957.0,0
205466_s_at,HS3ST1,9957.0,0
205473_at,ATP6V1B1,525.0,0
205480_s_at,UGP2,7360.0,1
205501_at,PDE10A,10846.0,0
205502_at,CYP17A1,1586.0,0
205505_at,GCNT1,2650.0,1
205530_at,ETFDH,2110.0,1
205531_s_at,GLS2,27165.0,0
205567_at,CHST1,8534.0,0
205568_at,AQP9,366.0,0
205570_at,PIP4K2A,5305.0,0
205577_at,PYGM,5837.0,0
205581_s_at,NOS3,4846.0,0
205582_s_at,GGT5,2687.0,0
205592_at,SLC4A1,6521.0,0
205593_s_at,PDE9A,5152.0,0
205615_at,CPA1,1357.0,0
205622_at,SMPD2,6610.0,0
205623_at,ALDH3A1,218.0,0
205627_at,CDA,978.0,0
205632_s_at,PIP5K1B,8395.0,0
205633_s_at,ALAS1,211.0,1
205640_at,ALDH3B1,221.0,1
205657_at,HAAO,23498.0,0
205661_s_at,FLAD1,80308.0,1
205670_at,GAL3ST1,9514.0,0
205676_at,CYP27B1,1594.0,1
205683_x_at,TPSAB1,7177.0,0
205692_s_at,CD38,952.0,0
205694_at,TYRP1,7306.0,0
205695_at,SDS,10993.0,0
205700_at,HSD17B6,8630.0,0
205704_s_at,ATP6V0A2,23545.0,1
205709_s_at,CDS1,1040.0,0
205711_x_at,ATP5C1,509.0,1
205736_at,PGAM2,5224.0,0
205738_s_at,FABP3,2170.0,0
205749_at,CYP1A1,1543.0,0
205757_at,ENTPD5,957.0,1
205759_s_at,SULT2B1,6820.0,0
205765_at,CYP3A5,1577.0,0
205768_s_at,SLC27A2,11001.0,1
205769_at,SLC27A2,11001.0,1
205770_at,GSR,2936.0,1
205799_s_at,SLC3A1,6519.0,1
205813_s_at,MAT1A,4143.0,0
205822_s_at,HMGCS1,3157.0,1
205829_at,HSD17B1,3292.0,0
205843_x_at,CRAT,1384.0,0
205844_at,VNN1,8876.0,0
205849_s_at,UQCRB,7381.0,1
205851_at,NME6,10201.0,1
205856_at,SLC14A1,6563.0,0
205857_at,SLC18A2,6571.0,0
205873_at,PIGL,9487.0,1
205874_at,ITPKA,3706.0,0
205892_s_at,FABP1,2168.0,0
205896_at,SLC22A4,6583.0,1
205910_s_at,CEL,1056.0,0
205912_at,PNLIP,5406.0,0
205918_at,SLC4A3,6508.0,0
205920_at,SLC6A6,6533.0,0
205921_s_at,SLC6A6,6533.0,0
205922_at,VNN2,8875.0,0
205934_at,PLCL1,5334.0,0
205936_s_at,HK3,3101.0,0
205942_s_at,ACSM3,6296.0,0
205943_at,TDO2,6999.0,0
205949_at,CA1,759.0,0
205950_s_at,CA1,759.0,0
205969_at,AADAC,13.0,0
205972_at,SLC38A3,10991.0,0
205978_at,KL,9365.0,0
205983_at,DPEP1,1800.0,0
205996_s_at,AK2,204.0,1
205998_x_at,CYP3A4,1576.0,0
205999_x_at,CYP3A4,1576.0,0
206024_at,HPD,3242.0,0
206030_at,ASPA,443.0,0
206058_at,SLC6A12,6539.0,0
206062_at,GUCA1A,2978.0,0
206065_s_at,DPYS,1807.0,0
206068_s_at,ACADL,33.0,0
206069_s_at,ACADL,33.0,0
206080_at,PLCH2,9651.0,0
206081_at,SLC24A1,9187.0,1
206085_s_at,CTH,1491.0,1
206109_at,FUT1,2523.0,0
206119_at,BHMT,635.0,0
206121_at,AMPD1,270.0,0
206129_s_at,ARSB,411.0,1
206131_at,CLPS,1208.0,0
206138_s_at,PI4KB,5298.0,1
206139_at,PI4KB,5298.0,1
206143_at,SLC26A3,1811.0,0
206145_at,RHAG,6005.0,0
206146_s_at,RHAG,6005.0,0
206153_at,CYP4F11,57834.0,0
206155_at,ABCC2,1244.0,0
206177_s_at,ARG1,383.0,1
206178_at,PLA2G5,5322.0,1
206191_at,ENTPD3,956.0,0
206207_at,CLC,1178.0,0
206208_at,CA4,762.0,0
206209_s_at,CA4,762.0,0
206212_at,CPA2,1358.0,0
206214_at,PLA2G7,7941.0,0
206232_s_at,B4GALT6,9331.0,1
206233_at,B4GALT6,9331.0,1
206246_at,PFKFB4,5210.0,0
206258_at,ST8SIA5,29906.0,0
206262_at,ADH1C,126.0,0
206292_s_at,SULT2A1,6822.0,0
206293_at,SULT2A1,6822.0,0
206294_at,HSD3B2,3284.0,0
206311_s_at,PLA2G1B,5319.0,0
206312_at,GUCY2C,2984.0,0
206329_at,EXTL1,2134.0,0
206334_at,LIPF,8513.0,1
206335_at,GALNS,2588.0,1
206342_x_at,IDS,3423.0,1
206353_at,COX6A2,1339.0,0
206354_at,SLCO1B3,28234.0,0
206369_s_at,PIK3CG,5294.0,0
206370_at,PIK3CG,5294.0,0
206371_at,FOLR3,2352.0,0
206388_at,PDE3A,5139.0,0
206389_s_at,PDE3A,5139.0,0
206395_at,DGKG,1608.0,0
206396_at,SLC1A1,6505.0,0
206432_at,HAS2,3037.0,0
206435_at,B4GALNT1,2583.0,1
206444_at,PDE1B,5153.0,0
206450_at,DBH,1621.0,0
206457_s_at,DIO1,1733.0,0
206463_s_at,DHRS2,10202.0,0
206465_at,ACSBG1,23205.0,0
206466_at,ACSBG1,23205.0,0
206480_at,LTC4S,4056.0,0
206488_s_at,CD36,948.0,0
206504_at,CYP24A1,1591.0,1
206505_at,UGT2B4,7363.0,0
206515_at,CYP4F3,4051.0,0
206522_at,MGAM,8972.0,0
206527_at,ABAT,18.0,1
206529_x_at,SLC26A4,5172.0,0
206535_at,SLC2A2,6514.0,0
206539_s_at,CYP4F12,66002.0,0
206540_at,GLB1L,79411.0,1
206554_x_at,SETMAR,6419.0,1
206561_s_at,AKR1B10,57016.0,1
206566_at,SLC7A1,6541.0,1
206603_at,SLC2A4,6517.0,0
206606_at,LIPC,3990.0,0
206617_s_at,RENBP,5973.0,0
206623_at,PDE6A,5145.0,0
206628_at,SLC5A1,6523.0,0
206630_at,TYR,7299.0,0
206643_at,HAL,3034.0,0
206662_at,GLRX,2745.0,1
206664_at,SI,6476.0,0
206669_at,GAD1,2571.0,0
206670_s_at,GAD1,2571.0,0
206672_at,AQP2,359.0,0
206694_at,PNLIPRP1,5407.0,0
206709_x_at,GPT,2875.0,0
206714_at,ALOX15B,247.0,0
206720_at,MGAT5,4249.0,1
206726_at,HPGDS,27306.0,0
206751_s_at,PCYT1B,9468.0,0
206753_at,RDH16,8608.0,0
206755_at,CYP2B6,1555.0,0
206756_at,CHST7,56548.0,1
206757_at,PDE5A,8654.0,0
206770_s_at,SLC35A3,23443.0,1
206779_s_at,ASMT,438.0,0
206780_at,GAD2,2572.0,0
206784_at,AQP8,343.0,0
206790_s_at,NDUFB1,4707.0,1
206793_at,PNMT,5409.0,0
206800_at,MTHFR,4524.0,0
206806_at,DGKI,9162.0,0
206811_at,ADCY8,114.0,0
206830_at,SLC4A10,57282.0,0
206836_at,SLC6A3,6531.0,0
206841_at,PDE6H,5149.0,0
206844_at,FBP2,8789.0,0
206872_at,SLC17A1,6568.0,0
206873_at,CA6,765.0,0
206878_at,DAO,1610.0,1
206882_at,SLC1A6,6511.0,0
206913_at,BAAT,570.0,0
206916_x_at,TAT,6898.0,0
206925_at,ST8SIA4,7903.0,0
206927_s_at,GUCY1A2,2977.0,0
206930_at,GLYAT,10249.0,0
206932_at,CH25H,9023.0,1
206933_s_at,H6PD,9563.0,0
206938_at,SRD5A2,6716.0,0
206945_at,LCT,3938.0,0
206947_at,B3GALT5,10317.0,0
206948_at,NEU3,10825.0,0
206952_at,G6PC,2538.0,0
206957_at,AGXT,189.0,0
206985_at,HSD17B3,3293.0,0
206992_s_at,ATP5S,27109.0,1
206993_at,ATP5S,27109.0,1
206997_s_at,HS6ST1,9394.0,0
207015_s_at,ALDH1A2,8854.0,0
207022_s_at,LDHC,3948.0,0
207026_s_at,ATP2B3,492.0,0
207043_s_at,SLC6A9,6536.0,0
207048_at,SLC6A11,6538.0,0
207051_at,SLC17A4,10050.0,0
207053_at,SLC8A1,6546.0,0
207056_s_at,SLC4A8,9498.0,0
207057_at,SLC16A7,9194.0,0
207064_s_at,AOC2,314.0,0
207067_s_at,HDC,3067.0,0
207071_s_at,ACO1,48.0,1
207074_s_at,SLC18A1,6570.0,0
207076_s_at,ASS1,445.0,1
207081_s_at,PI4KA,5297.0,1
207088_s_at,SLC25A11,8402.0,1
207095_at,SLC10A2,6555.0,0
207097_s_at,SLC17A2,10246.0,0
207102_at,AKR1D1,6718.0,0
207105_s_at,PIK3R2,5296.0,1
207116_s_at,GAPDHS,26330.0,0
207122_x_at,SULT1A2,6799.0,1
207129_at,CA5B,11238.0,0
207134_x_at,TPSB2,64499.0,0
207139_at,ATP4A,495.0,0
207140_at,ALPI,248.0,0
207150_at,SLC18A3,6572.0,0
207154_at,DIO3,1735.0,0
207180_s_at,HTATIP2,10553.0,1
207184_at,SLC6A13,6540.0,0
207185_at,SLC10A1,6554.0,0
207200_at,OTC,5009.0,0
207201_s_at,SLC22A1,6580.0,0
207206_s_at,ALOX12,239.0,0
207212_at,SLC9A3,6550.0,0
207225_at,AANAT,15.0,0
207244_x_at,CYP2A6,1548.0,0
207245_at,UGT2B17,7367.0,0
207249_s_at,SLC28A2,9153.0,0
207254_at,SLC15A1,6564.0,0
207275_s_at,ACSL1,2180.0,1
207298_at,SLC17A3,10786.0,0
207303_at,PDE1C,5137.0,1
207308_at,SLCO1A2,6579.0,0
207309_at,NOS1,4842.0,1
207310_s_at,NOS1,4842.0,0
207316_at,HAS1,3036.0,0
207328_at,ALOX15,246.0,0
207335_x_at,ATP5I,521.0,1
207349_s_at,UCP3,7352.0,0
207355_at,SLC1A7,6512.0,0
207357_s_at,GALNT10,55568.0,1
207372_s_at,ENTPD2,954.0,0
207378_at,TREH,11181.0,0
207386_at,CYP7B1,9420.0,0
207387_s_at,GK,2710.0,1
207388_s_at,PTGES,9536.0,0
207391_s_at,PIP5K1A,8394.0,1
207392_x_at,UGT2B15,7366.0,0
207406_at,CYP7A1,1581.0,0
207407_x_at,CYP4A11,1579.0,0
207418_s_at,DDO,8528.0,0
207421_at,CA5A,763.0,0
207429_at,SLC22A2,6582.0,0
207431_s_at,DEGS1,8560.0,1
207439_s_at,SLC35A2,7355.0,1
207440_at,SLC35A2,7355.0,1
207444_at,SLC22A13,9390.0,0
207447_s_at,MGAT4C,25834.0,0
207464_at,AHCYL1,10768.0,0
207475_at,FABP2,2169.0,0
207484_s_at,EHMT2,10919.0,0
207491_at,MOGAT2,80168.0,0
207504_at,CA7,766.0,0
207507_s_at,ATP5G3,518.0,1
207508_at,ATP5G3,518.0,1
207518_at,DGKE,8526.0,1
207519_at,SLC6A4,6532.0,0
207528_s_at,SLC7A11,23657.0,0
207537_at,PFKFB1,5207.0,0
207542_s_at,AQP1,358.0,0
207543_s_at,P4HA1,5033.0,1
207544_s_at,ADH6,130.0,0
207546_at,ATP4B,496.0,0
207552_at,ATP5G2,517.0,0
207556_s_at,DGKZ,8525.0,1
207560_at,SLC28A1,9154.0,0
207562_at,DGKQ,1609.0,0
207563_s_at,OGT,8473.0,1
207564_x_at,OGT,8473.0,1
207567_at,SLC13A2,9058.0,0
207573_x_at,ATP5L,10632.0,1
207583_at,ABCD2,225.0,0
207594_s_at,SYNJ1,8867.0,1
207601_at,SULT1B1,27284.0,0
207603_at,SLC4A7,9497.0,0
207604_s_at,SLC4A7,9497.0,1
207608_x_at,CYP1A2,1544.0,0
207609_s_at,CYP1A2,1544.0,0
207621_s_at,PEMT,10400.0,1
207626_s_at,SLC7A2,6542.0,0
207656_s_at,ACOX1,51.0,0
207691_x_at,ENTPD1,953.0,0
207696_at,FUT9,10690.0,0
207718_x_at,CYP2A7,1549.0,0
207741_x_at,TPSAB1,7177.0,0
207771_at,SLC5A2,6524.0,0
207773_x_at,CYP3A43,64816.0,0
207816_at,LALBA,3906.0,0
207819_s_at,ABCB4,5244.0,0
207820_at,ADH1A,124.0,0
207833_s_at,HLCS,3141.0,0
207858_s_at,PKLR,5313.0,0
207884_at,GUCY2D,3000.0,0
207889_at,SARDH,1757.0,0
207913_at,CYP2F1,1572.0,0
207931_s_at,PFKFB2,5208.0,0
207992_s_at,AMPD3,272.0,0
208002_s_at,ACOT7,11332.0,1
208028_s_at,GPX5,2880.0,0
208053_at,GUCY2F,2986.0,0
208072_s_at,DGKD,8527.0,1
208126_s_at,CYP2C18,1562.0,0
208130_s_at,TBXAS1,6916.0,0
208131_s_at,PTGIS,5740.0,1
208147_s_at,CYP2C8,1558.0,0
208161_s_at,ABCC3,8714.0,1
208168_s_at,CHIT1,1118.0,0
208177_at,SLC34A1,6569.0,0
208186_s_at,LIPE,3991.0,0
208252_s_at,CHST3,9469.0,0
208288_at,ABCB11,8647.0,0
208291_s_at,TH,7054.0,0
208308_s_at,GPI,2821.0,1
208316_s_at,OCRL,4952.0,1
208317_at,XYLB,9942.0,0
208318_s_at,XYLB,9942.0,0
208322_s_at,ST3GAL1,6482.0,0
208327_at,CYP2A13,1553.0,0
208334_at,NDST4,64579.0,0
208336_s_at,TECR,9524.0,1
208354_s_at,SLC12A3,6559.0,0
208358_s_at,UGT8,7368.0,0
208363_s_at,INPP4A,3631.0,0
208364_at,INPP4A,3631.0,0
208367_x_at,CYP3A4,1576.0,0
208369_s_at,GCDH,2639.0,1
208381_s_at,SGPL1,8879.0,0
208383_s_at,PCK1,5105.0,0
208389_s_at,SLC1A2,6506.0,0
208396_s_at,PDE1A,5136.0,0
208447_s_at,PRPS1,5631.0,1
208462_s_at,ABCC9,10060.0,0
208494_at,SLC6A7,6534.0,0
208505_s_at,FUT2,2524.0,0
208561_at,ABCC9,10060.0,0
208562_s_at,ABCC9,10060.0,0
208591_s_at,PDE3B,5140.0,0
208629_s_at,HADHA,3030.0,1
208630_at,HADHA,3030.0,1
208631_s_at,HADHA,3030.0,1
208647_at,FDFT1,2222.0,1
208660_at,CS,1431.0,1
208677_s_at,BSG,682.0,1
208678_at,ATP6V1E1,529.0,1
208680_at,PRDX1,5052.0,1
208699_x_at,TKT,7086.0,1
208700_s_at,TKT,7086.0,1
208714_at,NDUFV1,4723.0,1
208737_at,ATP6V1G1,9550.0,1
208745_at,ATP5L,10632.0,1
208746_x_at,ATP5L,10632.0,1
208758_at,ATIC,471.0,1
208764_s_at,ATP5G2,517.0,1
208788_at,ELOVL5,60481.0,1
208813_at,GOT1,2805.0,1
208817_at,COMT,1312.0,1
208818_s_at,COMT,1312.0,1
208836_at,ATP1B3,483.0,1
208847_s_at,ADH5,128.0,1
208848_at,ADH5,128.0,1
208870_x_at,ATP5C1,509.0,1
208881_x_at,IDI1,3422.0,1
208898_at,ATP6V1D,51382.0,1
208899_x_at,ATP6V1D,51382.0,1
208909_at,UQCRFS1,7386.0,1
208911_s_at,PDHB,5162.0,1
208912_s_at,CNP,1267.0,1
208916_at,SLC1A5,6510.0,1
208917_x_at,NADK,65220.0,1
208918_s_at,NADK,65220.0,1
208919_s_at,NADK,65220.0,1
208926_at,NEU1,4758.0,1
208950_s_at,ALDH7A1,501.0,1
208951_at,ALDH7A1,501.0,1
208955_at,DUT,1854.0,1
208956_x_at,DUT,1854.0,1
208967_s_at,AK2,204.0,1
208969_at,NDUFA9,4704.0,1
208970_s_at,UROD,7389.0,1
208971_at,UROD,7389.0,1
208972_s_at,ATP5G1,516.0,1
208997_s_at,UCP2,7351.0,1
208998_at,UCP2,7351.0,1
209003_at,SLC25A11,8402.0,1
209009_at,ESD,2098.0,1
209036_s_at,MDH2,4191.0,1
209043_at,PAPSS1,9061.0,1
209047_at,AQP1,358.0,0
209052_s_at,WHSC1,7468.0,1
209053_s_at,WHSC1,7468.0,1
209054_s_at,WHSC1,7468.0,1
209065_at,UQCRB,7381.0,1
209066_x_at,UQCRB,7381.0,1
209095_at,DLD,1738.0,1
209123_at,QDPR,5860.0,1
209146_at,MSMO1,6307.0,1
209155_s_at,NT5C2,22978.0,1
209160_at,AKR1C3,8644.0,0
209166_s_at,MAN2B1,4125.0,1
209171_at,ITPA,3704.0,1
209195_s_at,ADCY6,112.0,1
209202_s_at,EXTL3,2137.0,0
209213_at,CBR1,873.0,1
209218_at,SQLE,6713.0,1
209223_at,NDUFA2,4695.0,0
209224_s_at,NDUFA2,4695.0,1
209227_at,TUSC3,7991.0,1
209228_x_at,TUSC3,7991.0,1
209236_at,SLC23A2,9962.0,1
209237_s_at,SLC23A2,9962.0,1
209240_at,OGT,8473.0,1
209250_at,DEGS1,8560.0,1
209276_s_at,GLRX,2745.0,1
209279_s_at,NSDHL,50814.0,1
209281_s_at,ATP2B1,490.0,1
209301_at,CA2,760.0,0
209303_at,NDUFS4,4724.0,1
209320_at,ADCY3,109.0,1
209321_s_at,ADCY3,109.0,1
209326_at,SLC35A2,7355.0,1
209328_x_at,HIGD2A,192286.0,1
209329_x_at,HIGD2A,192286.0,1
209340_at,UAP1,6675.0,1
209345_s_at,PI4K2A,55361.0,1
209346_s_at,PI4K2A,55361.0,1
209368_at,EPHX2,2053.0,0
209380_s_at,ABCC5,10057.0,1
209384_at,PROSC,11212.0,1
209385_s_at,PROSC,11212.0,1
209389_x_at,DBI,1622.0,1
209391_at,DPM2,8818.0,1
209392_at,ENPP2,5168.0,0
209397_at,ME2,4200.0,1
209399_at,HLCS,3141.0,1
209400_at,SLC12A4,6560.0,0
209401_s_at,SLC12A4,6560.0,1
209402_s_at,SLC12A4,6560.0,1
209413_at,B4GALT2,8704.0,1
209420_s_at,SMPD1,6609.0,1
209433_s_at,PPAT,5471.0,1
209434_s_at,PPAT,5471.0,1
209440_at,PRPS1,5631.0,1
209448_at,HTATIP2,10553.0,1
209453_at,SLC9A1,6548.0,1
209459_s_at,ABAT,18.0,1
209460_at,ABAT,18.0,1
209473_at,ENTPD1,953.0,0
209474_s_at,ENTPD1,953.0,0
209492_x_at,ATP5I,521.0,1
209522_s_at,CRAT,1384.0,1
209531_at,GSTZ1,2954.0,1
209537_at,EXTL2,2135.0,1
209549_s_at,DGUOK,1716.0,1
209554_at,CD36,948.0,0
209555_s_at,CD36,948.0,0
209577_at,PCYT2,5833.0,1
209585_s_at,MINPP1,9562.0,1
209600_s_at,ACOX1,51.0,1
209601_at,ACOX1,51.0,0
209605_at,TST,7263.0,1
209608_s_at,ACAT2,39.0,1
209610_s_at,SLC1A4,6509.0,1
209611_s_at,SLC1A4,6509.0,1
209612_s_at,ADH1B,125.0,0
209613_s_at,ADH1B,125.0,0
209614_at,ADH1B,125.0,0
209623_at,MCCC2,64087.0,1
209624_s_at,MCCC2,64087.0,1
209625_at,PIGH,5283.0,1
209641_s_at,ABCC3,8714.0,0
209643_s_at,PLD2,5338.0,0
209645_s_at,ALDH1B1,219.0,1
209646_x_at,ALDH1B1,219.0,1
209667_at,CES2,8824.0,1
209668_x_at,CES2,8824.0,1
209681_at,SLC19A2,10560.0,1
209694_at,PTS,5805.0,1
209696_at,FBP1,2203.0,0
209707_at,PIGK,10026.0,1
209708_at,MOXD1,26002.0,0
209711_at,SLC35D1,23169.0,1
209712_at,SLC35D1,23169.0,1
209713_s_at,SLC35D1,23169.0,1
209727_at,GM2A,2760.0,1
209735_at,ABCG2,9429.0,1
209739_s_at,PNPLA4,8228.0,1
209740_s_at,PNPLA4,8228.0,0
209745_at,COQ7,10229.0,1
209746_s_at,COQ7,10229.0,1
209749_s_at,ACE,1636.0,0
209755_at,NMNAT2,23057.0,0
209759_s_at,ECI1,1632.0,1
209766_at,PRDX3,10935.0,1
209773_s_at,RRM2,6241.0,1
209775_x_at,SLC19A1,6573.0,0
209834_at,CHST3,9469.0,1
209857_s_at,SPHK2,56848.0,0
209865_at,SLC35A3,23443.0,1
209884_s_at,SLC4A7,9497.0,1
209892_at,FUT4,2526.0,1
209893_s_at,FUT4,2526.0,0
209900_s_at,SLC16A1,6566.0,1
209910_at,SLC25A16,8034.0,0
209918_at,GGTLC2,91227.0,0
209921_at,SLC7A11,23657.0,1
209932_s_at,DUT,1854.0,1
209975_at,CYP2E1,1571.0,0
209976_s_at,CYP2E1,1571.0,0
209992_at,PFKFB2,5208.0,1
209993_at,ABCB1,5243.0,1
209998_at,PIGO,84720.0,1
210005_at,GART,2618.0,1
210007_s_at,GPD2,2820.0,1
210010_s_at,SLC25A1,6576.0,1
210014_x_at,IDH3B,3420.0,1
210029_at,IDO1,3620.0,0
210037_s_at,NOS2,4843.0,0
210040_at,SLC12A5,57468.0,0
210041_s_at,PGM3,5238.0,1
210045_at,IDH2,3418.0,0
210046_s_at,IDH2,3418.0,1
210047_at,SLC11A2,4891.0,0
210050_at,TPI1,7167.0,1
210060_at,PDE6G,5148.0,0
210063_at,SARDH,1757.0,1
210066_s_at,AQP4,361.0,0
210067_at,AQP4,361.0,0
210068_s_at,AQP4,361.0,0
210073_at,ST8SIA1,6489.0,0
210082_at,ABCA4,24.0,0
210084_x_at,TPSAB1,7177.0,0
210096_at,CYP4B1,1580.0,0
210121_at,B3GALT2,8707.0,0
210130_s_at,TM7SF2,7108.0,1
210131_x_at,SDHC,6391.0,1
210137_s_at,DCTD,1635.0,1
210145_at,PLA2G4A,5321.0,0
210149_s_at,ATP5H,10476.0,1
210153_s_at,ME2,4200.0,1
210154_at,ME2,4200.0,1
210160_at,PAFAH1B2,5049.0,1
210192_at,ATP8A1,10396.0,0
210197_at,ITPK1,3705.0,1
210205_at,B3GALT4,8705.0,0
210243_s_at,B4GALT3,8703.0,1
210245_at,ABCC8,6833.0,0
210246_s_at,ABCC8,6833.0,0
210250_x_at,ADSL,158.0,1
210253_at,HTATIP2,10553.0,1
210256_s_at,PIP5K1A,8394.0,1
210286_s_at,SLC4A7,9497.0,1
210301_at,XDH,7498.0,0
210304_at,PDE6B,5158.0,0
210326_at,AGXT,189.0,0
210327_s_at,AGXT,189.0,0
210328_at,GNMT,27232.0,0
210332_at,ACHE,43.0,0
210337_s_at,ACLY,47.0,1
210342_s_at,TPO,7173.0,0
210343_s_at,SLC22A6,9356.0,0
210353_s_at,SLC6A2,6530.0,0
210366_at,SLCO1B1,10599.0,0
210367_s_at,PTGES,9536.0,1
210377_at,ACSM3,6296.0,0
210388_at,PLCB2,5330.0,0
210398_x_at,FUT6,2528.0,0
210399_x_at,FUT6,2528.0,0
210417_s_at,PI4KB,5298.0,1
210418_s_at,IDH3B,3420.0,1
210420_at,SLC24A1,9187.0,0
210421_s_at,SLC24A1,9187.0,0
210422_x_at,SLC11A1,6556.0,0
210423_s_at,SLC11A1,6556.0,0
210431_at,ALPPL2,251.0,0
210445_at,FABP6,2172.0,0
210447_at,GLUD2,2747.0,0
210451_at,PKLR,5313.0,0
210452_x_at,CYP4F2,8529.0,0
210453_x_at,ATP5L,10632.0,1
210456_at,PCYT1B,9468.0,0
210505_at,ADH7,131.0,0
210506_at,FUT7,2529.0,0
210519_s_at,NQO1,1728.0,1
210540_s_at,B4GALT4,8702.0,1
210542_s_at,SLCO3A1,28232.0,0
210544_s_at,ALDH3A2,224.0,1
210551_s_at,ASMT,438.0,0
210558_at,AKR1C4,1109.0,0
210576_at,CYP4F8,11283.0,0
210592_s_at,SAT1,6303.0,1
210608_s_at,FUT2,2524.0,1
210612_s_at,SYNJ2,8871.0,1
210617_at,PHEX,5251.0,0
210647_x_at,PLA2G6,8398.0,1
210653_s_at,BCKDHB,594.0,1
210662_at,KYNU,8942.0,0
210663_s_at,KYNU,8942.0,0
210666_at,IDS,3423.0,0
210677_at,SOAT2,8435.0,0
210678_s_at,AGPAT2,10555.0,1
210682_at,LPO,4025.0,0
210686_x_at,SLC25A16,8034.0,1
210687_at,CPT1A,1374.0,0
210688_s_at,CPT1A,1374.0,1
210695_s_at,WWOX,51741.0,1
210702_s_at,PTGIS,5740.0,0
210712_at,LDHAL6B,92483.0,0
210722_at,PNLIPRP1,5407.0,0
210726_at,CYP3A4,1576.0,0
210735_s_at,CA12,771.0,0
210738_s_at,SLC4A4,8671.0,0
210739_x_at,SLC4A4,8671.0,0
210740_s_at,ITPK1,3705.0,1
210803_at,TXNRD2,10587.0,0
210804_x_at,SLC8A1,6546.0,0
210807_s_at,SLC16A7,9194.0,0
210810_s_at,SLC6A5,9152.0,0
210819_x_at,DIO2,1734.0,0
210820_x_at,COQ7,10229.0,1
210836_x_at,PDE4D,5144.0,0
210837_s_at,PDE4D,5144.0,1
210839_s_at,ENPP2,5168.0,0
210852_s_at,AASS,10157.0,1
210854_x_at,SLC6A8,6535.0,1
210862_s_at,SARDH,1757.0,0
210868_s_at,ELOVL6,79071.0,1
210906_x_at,AQP4,361.0,0
210923_at,SLC1A7,6512.0,0
210942_s_at,ST3GAL6,10402.0,1
210950_s_at,FDFT1,2222.0,1
210959_s_at,SRD5A1,6715.0,1
210963_s_at,GYG2,8908.0,0
210964_s_at,GYG2,8908.0,1
210976_s_at,PFKM,5213.0,1
210979_at,ASAH1,427.0,0
210980_s_at,ASAH1,427.0,1
211004_s_at,ALDH3B1,221.0,1
211018_at,LSS,4047.0,1
211019_s_at,LSS,4047.0,1
211020_at,GCNT2,2651.0,0
211023_at,PDHB,5162.0,1
211025_x_at,COX5B,1329.0,1
211026_s_at,MGLL,11343.0,1
211028_s_at,KHK,3795.0,0
211030_s_at,SLC6A6,6533.0,0
211051_s_at,EXTL3,2137.0,1
211056_s_at,SRD5A1,6715.0,1
211060_x_at,GPAA1,8733.0,1
211065_x_at,PFKL,5211.0,1
211070_x_at,DBI,1622.0,1
211093_at,PDE6C,5146.0,0
211112_at,SLC12A4,6560.0,0
211116_at,SLC9A2,6549.0,0
211123_at,SLC5A5,6528.0,0
211138_s_at,KMO,8564.0,0
211150_s_at,DLAT,1737.0,1
211162_x_at,SCD,6319.0,1
211167_s_at,GCK,2645.0,0
211170_s_at,PDE10A,10846.0,0
211171_s_at,PDE10A,10846.0,0
211177_s_at,TXNRD2,10587.0,1
211196_at,DBT,1629.0,0
211204_at,ME1,4199.0,0
211205_x_at,PIP5K1A,8394.0,1
211207_s_at,ACSL6,23305.0,1
211215_x_at,DIO2,1734.0,0
211224_s_at,ABCB11,8647.0,0
211225_at,FUT5,2527.0,0
211230_s_at,PIK3CD,5293.0,1
211231_x_at,CYP4A11,1579.0,0
211254_x_at,RHAG,6005.0,0
211264_at,GAD2,2572.0,0
211272_s_at,DGKA,1606.0,1
211275_s_at,GYG1,2992.0,1
211295_x_at,CYP2A6,1548.0,0
211302_s_at,PDE4B,5142.0,0
211322_s_at,SARDH,1757.0,0
211349_at,SLC15A1,6564.0,0
211357_s_at,ALDOB,229.0,0
211363_s_at,MTAP,4507.0,1
211364_at,MTAP,4507.0,1
211379_x_at,B3GALNT1,8706.0,1
211385_x_at,SULT1A2,6799.0,1
211407_at,NDUFB7,4713.0,0
211414_at,GLS,2744.0,0
211416_x_at,GGTLC1,92086.0,0
211423_s_at,SC5D,6309.0,1
211440_x_at,CYP3A43,64816.0,0
211441_x_at,CYP3A43,64816.0,0
211442_x_at,CYP3A43,64816.0,0
211447_s_at,PDE4A,5141.0,0
211465_x_at,FUT6,2528.0,0
211470_s_at,SULT1C2,6819.0,0
211480_s_at,SLCO1A2,6579.0,0
211481_at,SLCO1A2,6579.0,0
211494_s_at,SLC4A4,8671.0,0
211507_s_at,MTMR3,8897.0,0
211547_s_at,PAFAH1B1,5048.0,1
211548_s_at,HPGD,3248.0,0
211549_s_at,HPGD,3248.0,0
211552_s_at,ALDH4A1,8659.0,1
211555_s_at,GUCY1B3,2983.0,0
211557_x_at,SLCO2B1,11309.0,0
211560_s_at,ALAS2,212.0,0
211569_s_at,HADH,3033.0,1
211572_s_at,SLC23A2,9962.0,1
211580_s_at,PIK3R3,8503.0,0
211586_s_at,ATP2B2,491.0,0
211591_s_at,PDE4A,5141.0,0
211613_s_at,GPD2,2820.0,0
211618_s_at,ALPI,248.0,0
211630_s_at,GSS,2937.0,1
211631_x_at,B4GALT1,2683.0,0
211658_at,PRDX2,7001.0,1
211663_x_at,PTGDS,5730.0,0
211682_x_at,UGT2B28,54490.0,0
211708_s_at,SCD,6319.0,1
211711_s_at,PTEN,5728.0,1
211715_s_at,BDH1,622.0,1
211728_s_at,HYAL3,8372.0,0
211729_x_at,BLVRA,644.0,1
211732_x_at,HNMT,3176.0,0
211733_x_at,SCP2,6342.0,1
211748_x_at,PTGDS,5730.0,0
211752_s_at,NDUFS7,374291.0,1
211754_s_at,SLC25A17,10478.0,1
211755_s_at,ATP5F1,515.0,1
211759_x_at,TBCB,1155.0,1
211766_s_at,PNLIPRP2,5408.0,0
211782_at,IDS,3423.0,0
211790_s_at,KMT2D,8085.0,0
211805_s_at,SLC8A1,6546.0,0
211810_s_at,GALC,2581.0,0
211812_s_at,B3GALNT1,8706.0,1
211840_s_at,PDE4D,5144.0,0
211842_s_at,SLC24A1,9187.0,0
211855_s_at,SLC25A14,9016.0,1
211882_x_at,FUT6,2528.0,0
211885_x_at,FUT6,2528.0,0
211892_s_at,PTGIS,5740.0,0
211901_s_at,PDE4A,5141.0,0
211922_s_at,CAT,847.0,1
211925_s_at,PLCB1,23236.0,0
212012_at,PXDN,7837.0,1
212013_at,PXDN,7837.0,1
212041_at,ATP6V0D1,9114.0,1
212076_at,KMT2A,4297.0,1
212078_s_at,KMT2A,4297.0,1
212079_s_at,KMT2A,4297.0,1
212080_at,KMT2A,4297.0,1
212085_at,SLC25A6,293.0,1
212088_at,PMPCA,23203.0,1
212098_at,MGAT5,4249.0,1
212135_s_at,ATP2B4,493.0,1
212136_at,ATP2B4,493.0,1
212172_at,AK2,204.0,1
212173_at,AK2,204.0,1
212174_at,AK2,204.0,1
212175_s_at,AK2,204.0,1
212186_at,ACACA,31.0,1
212187_x_at,PTGDS,5730.0,0
212218_s_at,FASN,2194.0,1
212221_x_at,IDS,3423.0,1
212223_at,IDS,3423.0,1
212224_at,ALDH1A1,216.0,0
212239_at,PIK3R1,5295.0,1
212240_s_at,PIK3R1,5295.0,1
212249_at,PIK3R1,5295.0,1
212256_at,GALNT10,55568.0,1
212272_at,LPIN1,23175.0,1
212274_at,LPIN1,23175.0,1
212276_at,LPIN1,23175.0,1
212290_at,SLC7A1,6541.0,1
212292_at,SLC7A1,6541.0,1
212295_s_at,SLC7A1,6541.0,1
212305_s_at,MIA3,375056.0,1
212307_s_at,OGT,8473.0,1
212310_at,MIA3,375056.0,1
212321_at,SGPL1,8879.0,1
212322_at,SGPL1,8879.0,1
212334_at,GNS,2799.0,1
212335_at,GNS,2799.0,1
212360_at,AMPD2,271.0,1
212378_at,GART,2618.0,1
212379_at,GART,2618.0,1
212383_at,ATP6V0A1,535.0,1
212439_at,IP6K1,9807.0,1
212442_s_at,CERS6,253782.0,1
212446_s_at,CERS6,253782.0,1
212459_x_at,SUCLG2,8801.0,1
212493_s_at,SETD2,29072.0,1
212500_at,ADO,84890.0,1
212502_at,ADO,84890.0,1
212518_at,PIP5K1C,23396.0,1
212521_s_at,PDE8A,5151.0,1
212522_at,PDE8A,5151.0,1
212541_at,FLAD1,80308.0,1
212568_s_at,DLAT,1737.0,1
212581_x_at,GAPDH,2597.0,1
212600_s_at,UQCRC2,7385.0,1
212688_at,PIK3CB,5291.0,1
212705_x_at,PNPLA2,57104.0,1
212737_at,GM2A,2760.0,1
212739_s_at,NME4,4833.0,1
212741_at,MAOA,4128.0,0
212788_x_at,FTL,2512.0,1
212810_s_at,SLC1A4,6509.0,1
212811_x_at,SLC1A4,6509.0,1
212816_s_at,CBS,875.0,1
212826_s_at,SLC25A6,293.0,1
212828_at,SYNJ2,8871.0,1
212829_at,PIP4K2A,5305.0,1
212862_at,CDS2,8760.0,1
212863_x_at,CTBP1,1487.0,1
212864_at,CDS2,8760.0,1
212876_at,B4GALT4,8702.0,1
212907_at,SLC30A1,7779.0,1
212930_at,ATP2B1,490.0,1
212944_at,SLC5A3,6526.0,1
212947_at,SLC9A8,23315.0,0
212973_at,RPIA,22934.0,1
212989_at,SGMS1,259230.0,1
212990_at,SYNJ1,8867.0,1
213011_s_at,TPI1,7167.0,1
213041_s_at,ATP5D,513.0,1
213070_at,PIK3C2A,5286.0,1
213076_at,ITPKC,80271.0,1
213082_s_at,SLC35D2,11046.0,1
213083_at,SLC35D2,11046.0,1
213106_at,ATP8A1,10396.0,0
213111_at,PIKFYVE,200576.0,1
213119_at,SLC36A1,206358.0,1
213149_at,DLAT,1737.0,1
213153_at,SETD1B,23067.0,1
213164_at,SLC5A3,6526.0,1
213167_s_at,SLC5A3,6526.0,1
213170_at,GPX7,2882.0,0
213187_x_at,FTL,2512.0,1
213202_at,SETD1A,9739.0,0
213217_at,ADCY2,108.0,0
213219_at,ADCY2,108.0,0
213222_at,PLCB1,23236.0,0
213228_at,PDE8B,8622.0,0
213245_at,ADCY1,107.0,0
213288_at,MBOAT2,129642.0,1
213302_at,PFAS,5198.0,1
213321_at,BCKDHB,594.0,0
213333_at,MDH2,4191.0,1
213335_s_at,ST3GAL6,10402.0,0
213355_at,ST3GAL6,10402.0,0
213366_x_at,ATP5C1,509.0,1
213374_x_at,HIBCH,26275.0,1
213379_at,COQ2,27235.0,1
213384_x_at,PLCB3,5331.0,1
213423_x_at,TUSC3,7991.0,1
213453_x_at,GAPDH,2597.0,1
213469_at,PGAP1,80055.0,1
213501_at,ACOX1,51.0,1
213509_x_at,CES2,8824.0,1
213511_s_at,MTMR1,8776.0,1
213540_at,HSD17B8,7923.0,0
213552_at,GLCE,26035.0,1
213555_at,RWDD2A,112611.0,1
213562_s_at,SQLE,6713.0,1
213564_x_at,LDHB,3945.0,1
213577_at,SQLE,6713.0,1
213582_at,ATP11A,23250.0,1
213588_x_at,RPL14,9045.0,1
213589_s_at,B3GNTL1,146712.0,1
213591_at,ALDH7A1,501.0,1
213607_x_at,NADK,65220.0,1
213611_at,AQP5,362.0,0
213613_s_at,NADK,65220.0,0
213621_s_at,GUK1,2987.0,0
213626_at,CBR4,84869.0,1
213631_x_at,DHODH,1723.0,1
213632_at,DHODH,1723.0,1
213643_s_at,INPP5B,3633.0,0
213651_at,INPP5J,27124.0,1
213664_at,SLC1A1,6505.0,0
213683_at,ACSL6,23305.0,0
213695_at,PON3,5446.0,0
213700_s_at,PKM,5315.0,1
213702_x_at,ASAH1,427.0,1
213706_at,GPD1,2819.0,0
213712_at,ELOVL2,54898.0,1
213723_s_at,IDUA,3425.0,0
213725_x_at,XYLT1,64131.0,0
213735_s_at,COX5B,1329.0,1
213736_at,COX5B,1329.0,0
213738_s_at,ATP5A1,498.0,1
213758_at,COX4I1,1327.0,1
213787_s_at,EBP,10682.0,1
213789_at,EBP,10682.0,0
213804_at,INPP5B,3633.0,1
213805_at,ABHD5,51099.0,1
213821_s_at,IDS,3423.0,0
213843_x_at,SLC6A8,6535.0,1
213846_at,COX7C,1350.0,1
213855_s_at,LIPE,3991.0,0
213873_at,ST3GAL6,10402.0,0
213889_at,PIGL,9487.0,1
213892_s_at,APRT,353.0,1
213902_at,ASAH1,427.0,1
213935_at,ABHD5,51099.0,1
213952_s_at,ALOX5,240.0,0
213980_s_at,CTBP1,1487.0,1
213981_at,COMT,1312.0,0
213988_s_at,SAT1,6303.0,1
213991_s_at,HS3ST1,9957.0,0
213995_at,ATP5S,27109.0,1
214046_at,FUT9,10690.0,0
214066_x_at,NPR2,4882.0,1
214079_at,DHRS2,10202.0,1
214082_at,CA5B,11238.0,0
214088_s_at,FUT3,2525.0,0
214091_s_at,GPX3,2878.0,1
214095_at,SHMT2,6472.0,1
214096_s_at,SHMT2,6472.0,1
214106_s_at,GMDS,2762.0,1
214116_at,BTD,686.0,1
214117_s_at,BTD,686.0,1
214128_at,DAGLA,747.0,0
214132_at,ATP5C1,509.0,1
214140_at,SLC25A16,8034.0,1
214149_s_at,ATP6V0E1,8992.0,1
214150_x_at,ATP6V0E1,8992.0,1
214153_at,ELOVL5,60481.0,1
214159_at,PLCE1,51196.0,0
214164_x_at,CA12,771.0,0
214165_s_at,HS6ST1,9394.0,0
214166_at,SDHB,6390.0,0
214170_x_at,FH,2271.0,1
214183_s_at,TKTL1,8277.0,0
214195_at,TPP1,1200.0,0
214196_s_at,TPP1,1200.0,1
214197_s_at,SETDB1,9869.0,1
214210_at,SLC25A17,10478.0,1
214211_at,FTH1,2495.0,1
214234_s_at,CYP3A5,1577.0,0
214235_at,CYP3A5,1577.0,0
214241_at,NDUFB8,4714.0,1
214244_s_at,ATP6V0E1,8992.0,0
214255_at,ATP10A,57194.0,0
214256_at,ATP10A,57194.0,0
214259_s_at,AKR7A2,8574.0,1
214261_s_at,ADH6,130.0,0
214274_s_at,ACAA1,30.0,1
214285_at,FABP3,2170.0,0
214307_at,HGD,3081.0,0
214308_s_at,HGD,3081.0,0
214320_x_at,CYP2A6,1548.0,0
214333_x_at,IDH3G,3421.0,0
214347_s_at,DDC,1644.0,0
214358_at,ACACA,31.0,1
214366_s_at,ALOX5,240.0,0
214389_at,SLC5A12,159963.0,0
214390_s_at,BCAT1,586.0,1
214413_at,TAT,6898.0,0
214419_s_at,CYP2C9,1559.0,0
214420_s_at,CYP2C9,1559.0,0
214421_x_at,CYP2C9,1559.0,0
214423_x_at,ALDOB,229.0,0
214424_s_at,ALDOB,229.0,0
214429_at,MTMR6,9107.0,1
214430_at,GLA,2717.0,1
214431_at,GMPS,8833.0,1
214437_s_at,SHMT2,6472.0,1
214452_at,BCAT1,586.0,1
214504_at,ABO,28.0,0
214518_at,PDHA2,5161.0,0
214533_at,CMA1,1215.0,0
214545_s_at,PROSC,11212.0,1
214547_at,ADCY10,55811.0,0
214568_at,TPSD1,23430.0,0
214582_at,PDE3B,5140.0,0
214584_x_at,ACACB,32.0,0
214594_x_at,ATP8B1,5205.0,1
214601_at,TPH1,7166.0,0
214610_at,CYP11B1,1584.0,0
214621_at,GYS2,2998.0,0
214627_at,EPX,8288.0,0
214630_at,CYP11B2,1585.0,0
214648_at,GPX5,2880.0,0
214649_s_at,MTMR2,8898.0,1
214664_at,PAICS,10606.0,1
214666_x_at,IREB2,3658.0,1
214681_at,GK,2710.0,0
214687_x_at,ALDOA,226.0,1
214745_at,PLCH1,23007.0,0
214755_at,UAP1L1,91373.0,1
214762_at,ATP6V1G2,534.0,1
214763_at,ACOT11,26027.0,0
214776_x_at,XYLB,9942.0,0
214821_at,SLC25A4,291.0,0
214829_at,AASS,10157.0,1
214835_s_at,SUCLG2,8801.0,1
214860_at,SLC9A7,84679.0,0
214864_s_at,GRHPR,9380.0,1
214865_at,DOT1L,84444.0,0
214923_at,ATP6V1D,51382.0,1
214972_at,MGEA5,10724.0,1
214975_s_at,MTMR1,8776.0,1
214985_at,EXT1,2131.0,1
214990_at,PIGO,84720.0,0
214991_s_at,PIGO,84720.0,1
215001_s_at,GLUL,2752.0,1
215038_s_at,SETD2,29072.0,1
215055_at,B3GNTL1,146712.0,0
215064_at,SC5D,6309.0,0
215067_x_at,PRDX2,7001.0,1
215082_at,ELOVL5,60481.0,1
215088_s_at,SDHC,6391.0,1
215093_at,NSDHL,50814.0,1
215096_s_at,ESD,2098.0,1
215103_at,CYP2C18,1562.0,0
215129_at,PIK3C2G,5288.0,0
215134_at,PI4K2A,55361.0,1
215155_at,HEXA,3073.0,0
215159_s_at,NADK,65220.0,1
215165_x_at,UMPS,7372.0,1
215210_s_at,DLST,1743.0,1
215227_x_at,ACP1,52.0,1
215242_at,PIGC,5279.0,0
215267_s_at,SLC8A2,6543.0,0
215274_at,SLC12A3,6559.0,0
215299_x_at,SULT1A1,6817.0,1
215333_x_at,GSTM1,2944.0,1
215340_at,ADCY1,107.0,0
215348_at,ADCY1,107.0,0
215380_s_at,GGCT,79017.0,1
215382_x_at,TPSAB1,7177.0,0
215394_at,PIK3C3,5289.0,0
215400_x_at,ADCY9,115.0,0
215430_at,GK2,2712.0,0
215432_at,ACSM1,116285.0,0
215486_at,PRPS1L1,221823.0,0
215535_s_at,AGPAT1,10554.0,1
215573_at,CAT,847.0,0
215649_s_at,MVK,4598.0,1
215652_at,SDHD,6392.0,0
215654_at,BCAT2,587.0,0
215657_at,SLC26A3,1811.0,0
215671_at,PDE4B,5142.0,0
215687_x_at,PLCB1,23236.0,0
215690_x_at,GPAA1,8733.0,1
215695_s_at,GYG2,8908.0,1
215702_s_at,CFTR,1080.0,0
215703_at,CFTR,1080.0,0
215710_at,ST3GAL4,6484.0,0
215715_at,SLC6A2,6530.0,0
215716_s_at,ATP2B1,490.0,1
215723_s_at,PLD1,5337.0,1
215724_at,PLD1,5337.0,0
215728_s_at,ACOT7,11332.0,1
215772_x_at,SUCLG2,8801.0,1
215783_s_at,ALPL,249.0,0
215793_at,MTMR7,9108.0,0
215794_x_at,GLUD2,2747.0,1
215798_at,ALDH1L1,10840.0,0
215800_at,DUOX1,53905.0,0
215809_at,CYP2D6,1565.0,0
215813_s_at,PTGS1,5742.0,0
215834_x_at,SCARB1,949.0,0
215835_at,SCARB1,949.0,0
215842_s_at,ATP11A,23250.0,1
215850_s_at,NDUFA5,4698.0,1
215867_x_at,CA12,771.0,1
215870_s_at,PLA2G5,5322.0,0
215871_at,PLA2G5,5322.0,0
215880_at,NAGLU,4669.0,0
215890_at,GM2A,2760.0,0
215891_s_at,GM2A,2760.0,1
215911_x_at,ATP2B3,492.0,0
215938_s_at,PLA2G6,8398.0,0
215977_x_at,GK,2710.0,0
215979_s_at,SLC7A1,6541.0,0
216010_x_at,FUT3,2525.0,0
216025_x_at,CYP2C9,1559.0,0
216058_s_at,CYP2C19,1557.0,0
216064_s_at,AGA,175.0,1
216065_at,B3GALT4,8705.0,0
216066_at,ABCA1,19.0,0
216080_s_at,FADS3,3995.0,1
216082_at,NEU3,10825.0,0
216083_s_at,NEU3,10825.0,0
216092_s_at,SLC7A8,23428.0,0
216095_x_at,MTMR1,8776.0,1
216103_at,ACOT11,26027.0,0
216120_s_at,ATP2B2,491.0,0
216180_s_at,SYNJ2,8871.0,1
216181_at,SYNJ2,8871.0,0
216182_at,SYNJ2,8871.0,0
216185_at,FUT9,10690.0,0
216192_at,FABP7,2173.0,0
216194_s_at,TBCB,1155.0,1
216202_s_at,SPTLC2,9517.0,1
216203_at,SPTLC2,9517.0,0
216204_at,COMT,1312.0,0
216230_x_at,SMPD1,6609.0,0
216274_s_at,SEC11A,23478.0,1
216303_s_at,MTMR1,8776.0,0
216307_at,DGKB,1607.0,0
216308_x_at,GRHPR,9380.0,1
216312_at,ATP2B3,492.0,0
216349_at,DGKH,160851.0,0
216370_s_at,TKTL1,8277.0,0
216377_x_at,ALPPL2,251.0,0
216390_at,LCAT,3931.0,0
216409_at,ACSL6,23305.0,0
216411_s_at,GALK2,2585.0,0
216432_at,SLC28A2,9153.0,0
216485_s_at,TPSAB1,7177.0,0
216488_s_at,ATP11A,23250.0,1
216512_s_at,DCT,1638.0,0
216513_at,DCT,1638.0,0
216519_s_at,PROSC,11212.0,0
216551_x_at,PLCG1,5335.0,1
216554_s_at,ENO1,2023.0,1
216591_s_at,SDHC,6391.0,1
216593_s_at,PIGC,5279.0,1
216594_x_at,AKR1C1,1645.0,0
216599_x_at,SLC22A6,9356.0,0
216600_x_at,ALDOB,229.0,0
216603_at,SLC7A8,23428.0,0
216604_s_at,SLC7A8,23428.0,0
216610_at,SLC6A2,6530.0,0
216611_s_at,SLC6A2,6530.0,0
216624_s_at,KMT2A,4297.0,0
216627_s_at,B4GALT1,2683.0,0
216633_s_at,PLCH1,23007.0,0
216634_at,PLCH1,23007.0,0
216651_s_at,GAD2,2572.0,0
216661_x_at,CYP2C9,1559.0,0
216685_s_at,MTAP,4507.0,1
216687_x_at,UGT2B15,7366.0,0
216696_s_at,PRODH2,58510.0,0
216705_s_at,ADA,100.0,1
216720_at,CYP2U1,113612.0,0
216733_s_at,GATM,2628.0,0
216845_x_at,KMT2D,8085.0,0
216869_at,PDE1C,5137.0,1
216873_s_at,ATP8B2,57198.0,1
216883_x_at,PDE6D,5147.0,1
216929_x_at,ABO,28.0,0
216954_x_at,ATP5O,539.0,1
216958_s_at,IVD,3712.0,1
216990_at,GART,2618.0,0
217006_x_at,FASN,2194.0,0
217009_at,PGK2,5232.0,0
217026_at,CFTR,1080.0,0
217042_at,RDH11,51109.0,1
217069_at,KMT2B,9757.0,0
217070_at,MTHFR,4524.0,0
217071_s_at,MTHFR,4524.0,0
217111_at,AMACR,23600.0,0
217113_at,AMACR,23600.0,0
217127_at,CTH,1491.0,1
217133_x_at,CYP2B6,1555.0,0
217134_at,MTAP,4507.0,0
217167_x_at,GK,2710.0,0
217171_at,SMPD1,6609.0,0
217202_s_at,GLUL,2752.0,1
217213_at,SLC6A2,6530.0,0
217214_s_at,SLC6A2,6530.0,0
217238_s_at,ALDOB,229.0,0
217248_s_at,SLC7A8,23428.0,0
217289_s_at,SLC37A4,2542.0,1
217292_at,MTMR7,9108.0,0
217294_s_at,ENO1,2023.0,1
217304_at,SHMT1,6470.0,0
217305_s_at,ADCY10,55811.0,0
217307_at,ACO2,50.0,0
217356_s_at,PGK1,5230.0,1
217383_at,PGK1,5230.0,1
217388_s_at,KYNU,8942.0,0
217398_x_at,GAPDH,2597.0,1
217432_s_at,IDS,3423.0,1
217445_s_at,GART,2618.0,1
217452_s_at,B3GALT2,8707.0,0
217468_at,CYP2D6,1565.0,0
217473_x_at,SLC11A1,6556.0,0
217477_at,PIP5K1B,8395.0,0
217491_x_at,COX7C,1350.0,1
217497_at,TYMP,1890.0,0
217507_at,SLC11A1,6556.0,0
217514_at,ST8SIA5,29906.0,0
217521_at,HAL,3034.0,0
217530_at,SLC34A1,6569.0,0
217558_at,CYP2C9,1559.0,0
217564_s_at,CPS1,1373.0,1
217584_at,NPC1,4864.0,0
217603_at,ATP6V0A2,23545.0,0
217620_s_at,PIK3CB,5291.0,1
217621_at,SLC6A2,6530.0,0
217626_at,AKR1C1,1645.0,0
217647_at,DHODH,1723.0,1
217650_x_at,ST3GAL2,6483.0,1
217678_at,SLC7A11,23657.0,1
217684_at,TYMS,7298.0,1
217687_at,ADCY2,108.0,0
217696_at,FUT7,2529.0,0
217710_x_at,ITPK1,3705.0,0
217738_at,NAMPT,10135.0,1
217739_s_at,NAMPT,10135.0,1
217752_s_at,CNDP2,55748.0,1
217761_at,ADI1,55256.0,1
217770_at,PIGT,51604.0,1
217773_s_at,NDUFA4,4697.0,1
217775_s_at,RDH11,51109.0,1
217776_at,RDH11,51109.0,1
217787_s_at,GALNT2,2590.0,1
217788_s_at,GALNT2,2590.0,1
217791_s_at,ALDH18A1,5832.0,1
217801_at,ATP5E,514.0,1
217848_s_at,PPA1,5464.0,1
217860_at,NDUFA10,4705.0,1
217869_at,HSD17B12,51144.0,1
217870_s_at,CMPK1,51727.0,1
217874_at,SUCLG1,8802.0,1
217889_s_at,CYBRD1,79901.0,1
217927_at,SPCS1,28972.0,1
217933_s_at,LAP3,51056.0,1
217944_at,POMGNT1,55624.0,1
217956_s_at,ENOPH1,58478.0,1
217973_at,DCXR,51181.0,1
217989_at,HSD17B11,51170.0,1
217990_at,GMPR2,51292.0,1
217993_s_at,MAT2B,27430.0,1
218018_at,PDXK,8566.0,1
218019_s_at,PDXK,8566.0,1
218024_at,MPC1,51660.0,1
218025_s_at,ECI2,10455.0,1
218041_x_at,SLC38A2,54407.0,1
218066_at,SLC12A7,10723.0,1
218069_at,DCTPP1,79077.0,1
218070_s_at,GMPPA,29926.0,1
218083_at,PTGES2,80142.0,1
218096_at,AGPAT5,55326.0,1
218102_at,DERA,51071.0,1
218111_s_at,CMAS,55907.0,1
218120_s_at,HMOX2,3163.0,1
218121_at,HMOX2,3163.0,1
218136_s_at,SLC25A37,51312.0,1
218146_at,GLT8D1,55830.0,1
218147_s_at,GLT8D1,55830.0,1
218151_x_at,SLC52A2,79581.0,1
218160_at,NDUFA8,4702.0,1
218173_s_at,WHSC1L1,54904.0,1
218189_s_at,NANS,54187.0,1
218190_s_at,UQCR10,29796.0,1
218192_at,IP6K2,51447.0,1
218200_s_at,NDUFB2,4708.0,1
218201_at,NDUFB2,4708.0,1
218203_at,ALG5,29880.0,1
218210_at,FN3KRP,79672.0,1
218226_s_at,NDUFB4,4710.0,1
218231_at,NAGK,55577.0,1
218237_s_at,SLC38A1,81539.0,1
218257_s_at,UGGT1,56886.0,1
218275_at,SLC25A10,1468.0,1
218285_s_at,BDH2,56898.0,1
218313_s_at,GALNT7,51809.0,1
218320_s_at,NDUFB11,54539.0,1
218322_s_at,ACSL5,51703.0,0
218341_at,PPCS,79717.0,1
218387_s_at,PGLS,25796.0,1
218388_at,PGLS,25796.0,1
218421_at,CERK,64781.0,1
218433_at,PANK3,79646.0,1
218434_s_at,AACS,65985.0,1
218440_at,MCCC1,56922.0,1
218444_at,ALG12,79087.0,1
218485_s_at,SLC35C1,55343.0,1
218487_at,ALAD,210.0,1
218489_s_at,ALAD,210.0,1
218511_s_at,PNPO,55163.0,1
218523_at,LHPP,64077.0,0
218533_s_at,UCKL1,54963.0,1
218540_at,THTPA,79178.0,1
218552_at,ECHDC2,55268.0,1
218554_s_at,ASH1L,55870.0,0
218557_at,NIT2,56954.0,1
218563_at,NDUFA3,4696.0,1
218568_at,AGK,55750.0,1
218587_s_at,POGLUT1,56983.0,1
218619_s_at,SUV39H1,6839.0,1
218652_s_at,PIGG,54872.0,1
218653_at,SLC25A15,10166.0,1
218664_at,MECR,51102.0,1
218725_at,SLC25A22,79751.0,1
218739_at,ABHD5,51099.0,1
218754_at,NOL9,79707.0,1
218760_at,COQ6,51004.0,1
218771_at,PANK4,55229.0,1
218786_at,NT5DC3,51559.0,1
218788_s_at,SMYD3,64754.0,1
218790_s_at,TMLHE,55217.0,0
218795_at,ACP6,51205.0,1
218800_at,SRD5A3,79644.0,1
218801_at,UGGT2,55757.0,1
218809_at,PANK2,80025.0,1
218817_at,SPCS3,60559.0,1
218840_s_at,NADSYN1,55191.0,1
218857_s_at,ASRGL1,80150.0,1
218869_at,MLYCD,23417.0,1
218871_x_at,CSGALNACT2,55454.0,1
218885_s_at,GALNT12,79695.0,0
218922_s_at,CERS4,79603.0,0
218927_s_at,CHST12,55501.0,1
218928_s_at,SLC37A1,54020.0,0
218942_at,PIP4K2C,79837.0,1
218944_at,PYCRL,65263.0,1
218978_s_at,SLC25A37,51312.0,0
218985_at,SLC2A8,29988.0,1
219013_at,GALNT11,63917.0,1
219017_at,ETNK1,55500.0,1
219048_at,PIGN,23556.0,1
219049_at,CSGALNACT1,55790.0,0
219066_at,PPCDC,60490.0,1
219077_s_at,WWOX,51741.0,1
219080_s_at,CTPS2,56474.0,1
219084_at,NSD1,64324.0,1
219090_at,SLC24A3,57419.0,0
219113_x_at,HSD17B14,51171.0,0
219133_at,OXSM,54995.0,1
219138_at,RPL14,9045.0,1
219140_s_at,RBP4,5950.0,0
219147_s_at,NMRK1,54981.0,1
219181_at,LIPG,9388.0,0
219214_s_at,NT5C,30833.0,1
219222_at,RBKS,64080.0,1
219229_at,SLCO3A1,28232.0,1
219238_at,PIGV,55650.0,1
219257_s_at,SPHK1,8877.0,1
219262_at,SUV39H2,79723.0,0
219267_at,GLTP,51228.0,0
219268_at,ETNK2,55224.0,1
219271_at,GALNT14,79623.0,0
219308_s_at,AK5,26289.0,0
219326_s_at,B3GNT2,10678.0,1
219339_s_at,EHMT1,79813.0,1
219344_at,SLC29A3,55315.0,0
219359_at,ATHL1,80162.0,1
219375_at,CEPT1,10390.0,1
219391_at,BPNT1,10380.0,0
219394_at,PGS1,9489.0,1
219401_at,XYLT2,64132.0,1
219425_at,SULT4A1,25830.0,0
219439_at,C1GALT1,56913.0,1
219452_at,DPEP2,64174.0,0
219464_at,CA14,23632.0,0
219488_at,A4GALT,53947.0,0
219508_at,GCNT3,9245.0,0
219521_at,B3GAT1,27087.0,0
219525_at,SLC47A1,55244.0,0
219532_at,ELOVL4,6785.0,0
219553_at,NME7,29922.0,1
219554_at,RHCG,51458.0,0
219597_s_at,DUOX1,53905.0,0
219614_s_at,SLC6A20,54716.0,0
219616_at,ACSS3,79611.0,0
219625_s_at,COL4A3BP,10087.0,1
219634_at,CHST11,50515.0,1
219664_s_at,DECR2,26063.0,1
219674_s_at,HDLBP,3069.0,0
219675_s_at,UXS1,80146.0,1
219693_at,AGPAT4,56895.0,0
219695_at,SMPD3,55512.0,0
219697_at,HS3ST2,9956.0,0
219708_at,NT5M,56953.0,0
219718_at,FGGY,55277.0,0
219723_x_at,AGPAT3,56894.0,0
219727_at,DUOX2,50506.0,0
219733_s_at,SLC27A5,10998.0,0
219744_at,FN3K,64122.0,0
219792_at,AGMAT,79814.0,1
219795_at,SLC6A14,11254.0,0
219799_s_at,DHRS9,10170.0,0
219800_s_at,THNSL1,79896.0,0
219824_at,SLC13A4,26266.0,0
219827_at,UCP3,7352.0,0
219841_at,AICDA,57379.0,0
219902_at,BHMT2,23743.0,0
219903_s_at,CYP2C8,1558.0,0
219911_s_at,SLCO4A1,28231.0,0
219915_s_at,SLC16A10,117247.0,0
219932_at,SLC27A6,28965.0,0
219933_at,GLRX2,51022.0,1
219934_s_at,SULT1E1,6783.0,0
219948_x_at,UGT2A3,79799.0,0
219956_at,GALNT6,11226.0,0
219962_at,ACE2,59272.0,0
219985_at,HS3ST3A1,9955.0,0
219986_s_at,ACAD10,80724.0,1
219991_at,SLC2A9,56606.0,0
220017_x_at,CYP2C9,1559.0,0
220029_at,ELOVL2,54898.0,1
220041_at,PIGZ,80235.0,1
220061_at,ACSM5,54988.0,0
220081_x_at,HSD17B7,51478.0,1
220091_at,SLC2A6,11182.0,1
220100_at,SLC22A11,55867.0,0
220106_at,NPC1L1,29881.0,0
220135_s_at,SLC7A9,11136.0,0
220179_at,DPEP3,64180.0,0
220197_at,ATP6V0A4,50617.0,0
220224_at,HAO1,54363.0,0
220230_s_at,CYB5R2,51700.0,0
220232_at,SCD5,79966.0,1
220234_at,CA8,767.0,0
220236_at,PDPR,55066.0,1
220256_s_at,OXCT2,64064.0,0
220281_at,SLC12A1,6557.0,0
220331_at,CYP46A1,10858.0,0
220335_x_at,CES3,23491.0,0
220343_at,PDE7B,27115.0,0
220346_at,MTHFD2L,441024.0,0
220383_at,ABCG5,64240.0,0
220393_at,LGSN,51557.0,0
220423_at,PLA2G2D,26279.0,0
220429_at,NDST3,9348.0,0
220432_s_at,CYP39A1,51302.0,0
220440_at,LGALS13,29124.0,0
220446_s_at,CHST4,10164.0,0
220455_at,SLC16A8,23539.0,0
220456_at,SPTLC3,55304.0,0
220460_at,SLCO1C1,53919.0,0
220474_at,SLC25A21,89874.0,1
220475_at,SLC28A3,64078.0,0
220502_s_at,SLC13A1,6561.0,0
220503_at,SLC13A1,6561.0,0
220507_s_at,UPB1,51733.0,0
220510_at,RHBG,57127.0,0
220528_at,VNN3,55350.0,0
220551_at,SLC17A6,57084.0,0
220554_at,SLC22A7,10864.0,0
220556_at,ATP1B4,23439.0,0
220566_at,PIK3R5,23533.0,0
220576_at,PGAP1,80055.0,1
220585_at,HKDC1,80201.0,0
220594_at,OGT,8473.0,0
220604_x_at,FTCD,10841.0,0
220630_s_at,CHIA,27159.0,0
220650_s_at,SLC9A5,6553.0,1
220675_s_at,PNPLA3,80339.0,0
220683_at,RDH8,50700.0,0
220722_s_at,SLC5A7,60482.0,0
220733_at,SLC26A1,10861.0,0
220736_at,SLC19A3,80704.0,0
220740_s_at,SLC12A6,9990.0,1
220741_s_at,PPA2,27068.0,1
220751_s_at,FAXDC2,10826.0,0
220756_s_at,SLC52A1,55065.0,0
220775_s_at,UEVLD,55293.0,1
220780_at,PLA2G3,50487.0,0
220786_s_at,SLC38A4,55089.0,0
220801_s_at,HAO2,51179.0,0
220829_s_at,B3GALT1,8708.0,0
220831_at,GCNT4,51301.0,0
220863_at,MIP,4284.0,0
220864_s_at,NDUFA13,51079.0,1
220867_s_at,SLC24A2,25769.0,0
220868_s_at,SLC7A10,56301.0,0
220892_s_at,PSAT1,29968.0,1
220924_s_at,SLC38A2,54407.0,1
220929_at,GALNT8,26290.0,0
220937_s_at,ST6GALNAC4,27090.0,1
220945_x_at,MANSC1,54682.0,1
220946_s_at,SETD2,29072.0,1
220948_s_at,ATP1A1,476.0,1
220979_s_at,ST6GALNAC5,81849.0,0
221005_s_at,PTDSS2,81490.0,1
221008_s_at,ETNPPL,64850.0,0
221024_s_at,SLC2A10,81031.0,1
221027_s_at,PLA2G12A,81579.0,0
221041_s_at,SLC17A5,26503.0,1
221062_at,HS3ST3B1,9953.0,0
221110_x_at,PDE11A,50940.0,0
221131_at,A4GNT,51146.0,0
221139_s_at,CSAD,51380.0,1
221142_s_at,PECR,55825.0,1
221147_x_at,WWOX,51741.0,0
221164_x_at,CHST5,23563.0,0
221197_s_at,CHAT,1103.0,0
221218_s_at,TPK1,27010.0,1
221227_x_at,COQ3,51805.0,1
221240_s_at,B3GNT4,79369.0,0
221248_s_at,WHSC1L1,54904.0,1
221262_s_at,SLC2A11,66035.0,0
221268_s_at,SGPP1,81537.0,1
221298_s_at,SLC22A8,9376.0,0
221368_at,NEU2,4759.0,0
221384_at,UCP1,7350.0,0
221389_at,PLA2G2E,30814.0,0
221416_at,PLA2G2F,64600.0,0
221432_s_at,SLC25A28,81894.0,1
221447_s_at,GLT8D2,83468.0,0
221453_at,G6PC2,57818.0,0
221484_at,B4GALT5,9334.0,1
221485_at,B4GALT5,9334.0,1
221504_s_at,ATP6V1H,51606.0,1
221510_s_at,GLS,2744.0,1
221551_x_at,ST6GALNAC4,27090.0,1
221561_at,SOAT1,6646.0,1
221588_x_at,ALDH6A1,4329.0,1
221589_s_at,ALDH6A1,4329.0,1
221590_s_at,ALDH6A1,4329.0,1
221605_s_at,PIPOX,51268.0,0
221648_s_at,AGMAT,79814.0,1
221661_at,SLC22A7,10864.0,0
221662_s_at,SLC22A7,10864.0,0
221669_s_at,ACAD8,27034.0,1
221675_s_at,CHPT1,56994.0,1
221689_s_at,PIGP,51227.0,1
221701_s_at,STRA6,64220.0,0
221716_s_at,ACSBG2,81616.0,0
221723_s_at,SLC4A5,57835.0,0
221732_at,CANT1,124583.0,1
221750_at,HMGCS1,3157.0,1
221751_at,PANK3,79646.0,1
221759_at,G6PC3,92579.0,1
221761_at,ADSS,159.0,1
221765_at,UGCG,7357.0,1
221767_x_at,HDLBP,3069.0,1
221770_at,RPE,6120.0,1
221788_at,PGM3,5238.0,1
221799_at,CHPF2,54480.0,1
221817_at,DOLPP1,57171.0,1
221844_x_at,SPCS3,60559.0,1
221892_at,H6PD,9563.0,0
221920_s_at,SLC25A37,51312.0,1
221928_at,ACACB,32.0,0
221942_s_at,GUCY1A3,2982.0,0
222025_s_at,OPLAH,26873.0,1
222049_s_at,RBP4,5950.0,0
222063_s_at,CDS1,1040.0,0
222074_at,UROD,7389.0,1
222078_at,PKLR,5313.0,0
222083_at,GLYAT,10249.0,0
222132_s_at,AGK,55750.0,1
222134_at,DDO,8528.0,1
222143_s_at,MTMR14,64419.0,1
222155_s_at,SLC52A2,79581.0,1
222191_s_at,B4GALT7,11285.0,1
222212_s_at,CERS2,29956.0,1
222217_s_at,SLC27A3,11000.0,1
222235_s_at,CSGALNACT2,55454.0,1
222240_s_at,ISYNA1,51477.0,1
222257_s_at,ACE2,59272.0,0
222262_s_at,ETNK1,55500.0,1
222317_at,PDE3B,5140.0,0
222359_x_at,KDSR,2531.0,0
32094_at,CHST3,9469.0,1
32625_at,NPR1,4881.0,0
32836_at,AGPAT1,10554.0,1
32837_at,AGPAT2,10555.0,1
33494_at,ETFDH,2110.0,1
33646_g_at,GM2A,2760.0,0
35179_at,B3GAT3,26229.0,1
35626_at,SGSH,6448.0,1
35820_at,GM2A,2760.0,1
36475_at,GCAT,23464.0,1
36907_at,MVK,4598.0,1
36936_at,TSTA3,7264.0,1
36994_at,ATP6V0C,527.0,1
37512_at,HSD17B6,8630.0,0
39248_at,AQP3,360.0,1
39249_at,AQP3,360.0,0
39729_at,PRDX2,7001.0,1
39854_r_at,PNPLA2,57104.0,0
40273_at,SPHK2,56848.0,1
43427_at,ACACB,32.0,0
44654_at,G6PC3,92579.0,1
46323_at,CANT1,124583.0,1
48030_i_at,FAXDC2,10826.0,1
48031_r_at,FAXDC2,10826.0,0
48808_at,DHFR,1719.0,1
49452_at,ACACB,32.0,0
51146_at,PIGV,55650.0,1
53076_at,B4GALT7,11285.0,1
55093_at,CHPF2,54480.0,1
57540_at,RBKS,64080.0,1
57588_at,SLC24A3,57419.0,0
89977_at,ACSM5,54988.0,0
AFFX-HUMGAPDH/M33197_3_at,GAPDH,2597.0,1
AFFX-HUMGAPDH/M33197_5_at,GAPDH,2597.0,1
AFFX-HUMGAPDH/M33197_M_at,GAPDH,2597.0,1
201082_s_at,SLC4A5,57835.0,1
201268_at,NME2,654364.0,1
201422_at,PIK3R2,10437.0,1
201527_at,ATP6V1F,9296.0,1
201576_s_at,GLB1,2720.0,1
201757_at,NDUFS5,4725.0,1
202233_s_at,UQCRH,7388.0,1
202237_at,NNMT,101928916.0,1
202238_s_at,NNMT,101928916.0,1
202314_at,CYP51A1,1595.0,1
202392_s_at,PISD,102465666.0,1
202395_at,NSF,101930324.0,1
202712_s_at,CKMT1A,1159.0,1
202712_s_at,CKMT1B,548596.0,1
202733_at,P4HA2,101927705.0,1
202740_at,ACY1,100526760.0,1
202855_s_at,SLC16A3,102465472.0,1
202856_s_at,SLC16A3,102465472.0,1
202961_s_at,ATP5J2,101929716.0,1
202982_s_at,ACOT1,10965.0,1
202982_s_at,ACOT2,641371.0,1
203189_s_at,NDUFS8,102465669.0,1
203190_at,NDUFS8,102465669.0,1
203433_at,MTHFS,10588.0,1
204347_at,AK4,205.0,1
204348_s_at,AK4,205.0,1
204532_x_at,UGT1A1,54575.0,0
204532_x_at,UGT1A10,54576.0,0
204532_x_at,UGT1A4,54578.0,0
204532_x_at,UGT1A6,54600.0,0
204532_x_at,UGT1A8,54657.0,0
204532_x_at,UGT1A9,54658.0,0
205616_at,GALNT8,3742.0,0
205719_s_at,PAH,101929036.0,0
205939_at,CYP3A7,1551.0,0
206094_x_at,UGT1A1,54575.0,0
206094_x_at,UGT1A10,54576.0,0
206094_x_at,UGT1A3,54577.0,0
206094_x_at,UGT1A4,54578.0,0
206094_x_at,UGT1A5,54579.0,0
206094_x_at,UGT1A6,54600.0,0
206094_x_at,UGT1A7,54657.0,0
206094_x_at,UGT1A8,54658.0,0
206094_x_at,UGT1A9,54659.0,0
206397_x_at,CERS1,2657.0,0
206514_s_at,CYP4F2,4051.0,0
206514_s_at,CYP4F3,8529.0,0
206754_s_at,CYP2B6,1555.0,0
206791_s_at,PDE4C,729966.0,0
206792_x_at,PDE4C,729966.0,1
206833_s_at,ACYP2,98.0,1
206955_at,AQP7,364.0,0
207016_s_at,ALDH1A2,8854.0,0
207126_x_at,UGT1A1,54575.0,0
207126_x_at,UGT1A10,54576.0,0
207126_x_at,UGT1A4,54578.0,0
207126_x_at,UGT1A6,54600.0,0
207126_x_at,UGT1A8,54657.0,0
207126_x_at,UGT1A9,54658.0,0
207131_x_at,GGT1,2678.0,1
207131_x_at,GGT2,91227.0,1
207131_x_at,GGTLC1,92086.0,1
207131_x_at,GGTLC2,728441.0,1
207222_at,PLA2G10,100652777.0,0
207498_s_at,CYP2D6,1564.0,0
207856_s_at,SMPD4,150776.0,1
207958_at,UGT2A1,10941.0,0
208284_x_at,GGT1,2678.0,0
208284_x_at,GGT2,91227.0,0
208284_x_at,GGTLC1,92086.0,0
208284_x_at,GGTLC2,728441.0,0
208409_at,SLC14A2,101930602.0,0
208469_s_at,PPT2,80864.0,1
208498_s_at,AMY1A,277.0,0
208498_s_at,AMY1B,278.0,0
208498_s_at,AMY1C,279.0,0
208498_s_at,AMY2A,280.0,0
208498_s_at,AMY2B,648740.0,0
208596_s_at,UGT1A1,54575.0,0
208596_s_at,UGT1A10,54576.0,0
208596_s_at,UGT1A3,54577.0,0
208596_s_at,UGT1A4,54578.0,0
208596_s_at,UGT1A5,54579.0,0
208596_s_at,UGT1A6,54600.0,0
208596_s_at,UGT1A7,54657.0,0
208596_s_at,UGT1A8,54658.0,0
208596_s_at,UGT1A9,54659.0,0
208771_s_at,LTA4H,101928830.0,1
208962_s_at,FADS1,3992.0,1
208963_x_at,FADS1,3992.0,1
208964_s_at,FADS1,3992.0,1
209093_s_at,GBA,2629.0,1
209424_s_at,AMACR,23600.0,1
209425_at,AMACR,23600.0,1
209426_s_at,AMACR,23600.0,1
209490_s_at,PPT2,80864.0,1
209491_s_at,AMPD3,272.0,0
209607_x_at,SULT1A3,100526831.0,1
209616_s_at,CES1,1066.0,0
209699_x_at,AKR1C2,1646.0,0
209776_s_at,SLC19A1,101928717.0,1
209777_s_at,SLC19A1,101928717.0,1
209825_s_at,UCK2,100500832.0,1
209826_at,PPT2,80864.0,1
209919_x_at,GGT1,2678.0,0
209919_x_at,GGT2,91227.0,0
209919_x_at,GGTLC1,92086.0,0
209919_x_at,GGTLC2,728441.0,0
209980_s_at,SHMT1,102466733.0,1
209986_at,PAH,101929036.0,0
209994_s_at,ABCB1,5243.0,1
209994_s_at,ABCB4,5244.0,1
210006_at,ACY1,25864.0,1
210069_at,CPT1B,386593.0,1
210070_s_at,CPT1B,386593.0,1
210106_at,RDH5,100528022.0,0
210580_x_at,SULT1A3,100526831.0,1
210593_at,SAT1,6303.0,0
211417_x_at,GGT1,2678.0,0
211417_x_at,GGT2,91227.0,0
211417_x_at,GGTLC1,92086.0,0
211417_x_at,GGTLC2,728441.0,0
211576_s_at,SLC19A1,101928717.0,1
211619_s_at,ALPP,250.0,0
211619_s_at,ALPPL2,251.0,0
211653_x_at,AKR1C2,1646.0,0
211818_s_at,PDE4C,729966.0,0
212995_x_at,PHGDH,653784.0,1
213129_s_at,GCSH,2653.0,1
213133_s_at,GCSH,2653.0,1
213408_s_at,PI4KA,5297.0,1
214069_at,ACSM2A,123876.0,0
214069_at,ACSM2B,348158.0,0
214203_s_at,PRODH,102724788.0,0
214432_at,ATP1A3,478.0,0
214603_at,MAGEA2B,266740.0,0
214622_at,CYP21A2,1590.0,0
214867_at,NDST2,8509.0,0
214935_at,IL4I1,23636.0,0
215078_at,SOD2,100129518.0,0
215125_s_at,UGT1A1,54575.0,0
215125_s_at,UGT1A10,54576.0,0
215125_s_at,UGT1A3,54577.0,0
215125_s_at,UGT1A4,54578.0,0
215125_s_at,UGT1A5,54579.0,0
215125_s_at,UGT1A6,54600.0,0
215125_s_at,UGT1A7,54657.0,0
215125_s_at,UGT1A8,54658.0,0
215125_s_at,UGT1A9,54659.0,0
215223_s_at,SOD2,100129518.0,1
215603_x_at,GGT1,2678.0,0
215603_x_at,GGT2,2679.0,0
215603_x_at,GGTLC1,92086.0,0
215603_x_at,GGTLC2,728441.0,0
215812_s_at,SLC6A8,653562.0,0
216236_s_at,SLC2A14,6515.0,1
216236_s_at,SLC2A3,144195.0,1
216474_x_at,TPSAB1,7177.0,0
216474_x_at,TPSB2,64499.0,0
216574_s_at,RPE,6120.0,1
216607_s_at,CYP51A1,1595.0,1
216841_s_at,SOD2,100129518.0,1
217023_x_at,TPSAB1,7177.0,0
217023_x_at,TPSB2,64499.0,0
217075_x_at,KMT2B,9757.0,0
217319_x_at,CYP4A11,1579.0,0
217492_s_at,PTEN,5728.0,1
217583_at,PAH,101929036.0,0
217691_x_at,SLC16A3,102465472.0,1
218021_at,DHRS4,10901.0,1
218028_at,ELOVL1,64834.0,1
218101_s_at,NDUFC2,4718.0,1
218570_at,PTPMT1,114971.0,1
219082_at,AMDHD2,51005.0,1
219095_at,PLA2G4B,100137049.0,0
219920_s_at,GMPPB,386724.0,1
220317_at,LRAT,101927965.0,0
220415_at,TNNI3K,100526835.0,0
220442_at,GALNT4,8693.0,0
220537_at,MTMR8,142689.0,0
220546_at,KMT2A,4297.0,0
221304_at,UGT1A1,54576.0,0
221304_at,UGT1A3,54579.0,0
221304_at,UGT1A5,54600.0,0
221304_at,UGT1A8,54658.0,0
221304_at,UGT1A9,54659.0,0
221305_s_at,UGT1A1,54576.0,0
221305_s_at,UGT1A3,54579.0,0
221305_s_at,UGT1A5,54600.0,0
221305_s_at,UGT1A8,54658.0,0
221305_s_at,UGT1A9,54659.0,0
221390_s_at,MTMR8,142689.0,0
221477_s_at,SOD2,100129518.0,1
221572_s_at,SLC26A6,102465495.0,1
222088_s_at,SLC2A14,6515.0,1
222088_s_at,SLC2A3,144195.0,1
222094_at,SULT1A3,101929857.0,1
222203_s_at,NT5C1B-RDH14,57665.0,1
222203_s_at,RDH14,100526794.0,1
222305_at,HK2,3099.0,1
57163_at,ELOVL1,64834.0,1
60528_at,PLA2G4B,100137049.0,1
NaN,0,0,0
NaN,LDHAL6A,160287,0
NaN,ACOT12,134526,0
NaN,ACSS2,55902,0
NaN,ACSS2,55902,0
NaN,ADH4,127,0
NaN,ADHFE1,137872,0
NaN,AK3,50808,0
NaN,ADCY5,111,0
NaN,ADCY4,196883,0
NaN,AADAT,51166,0
NaN,AADAT,51166,0
NaN,KYAT1,883,0
NaN,ATP6V0D2,245972,0
NaN,NUDT5,11164,0
NaN,CPT1C,126129,0
NaN,ATP6V1G3,127124,0
NaN,ATP6V1E2,90423,0
NaN,B3GNT8,374907,0
NaN,B3GNT8,374907,0
NaN,B4GAT1,11041,0
NaN,B3GNT7,93010,0
NaN,GPAT4,137964,0
NaN,ENTPD8,377841,0
NaN,AGXT2,64902,0
NaN,ACSS1,84532,0
NaN,GNPNAT1,64841,0
NaN,NAGS,162417,0
NaN,B3GNT5,84002,0
NaN,SLC32A1,140679,0
NaN,BCO1,53630,0
NaN,NANP,140838,0
NaN,ACAD11,84129,0
NaN,ACAD9,28976,0
NaN,DGAT2,84649,0
NaN,SLC8A3,6547,0
NaN,SLC8A3,6547,0
NaN,SLC8A3,6547,0
NaN,SLC8A3,6547,0
NaN,SLC8A3,6547,0
NaN,SLC8A3,6547,0
NaN,MMAA,166785,0
NaN,SLC7A3,84889,0
NaN,SLC6A19,340024,0
NaN,TMEM27,57393,0
NaN,GPT2,84706,0
NaN,DEGS2,123099,0
NaN,SLC38A5,92745,0
NaN,ZADH2,284273,0
NaN,ZADH2,284273,0
NaN,DMGDH,29958,0
NaN,SLC25A19,60386,0
NaN,PHOSPHO1,162466,0
NaN,ALG10,84920,0
NaN,CHDH,55349,0
NaN,SLC25A26,115286,0
NaN,SLC25A26,115286,0
NaN,SLC25A26,115286,0
NaN,AZIN2,113451,0
NaN,CRLS1,54675,0
NaN,SLC25A2,83884,0
NaN,SLC23A1,9963,0
NaN,SLC23A1,9963,0
NaN,B3GNT6,192134,0
NaN,386757_AT1,386757,0
NaN,ENPP3,5169,0
NaN,SLC27A1,376497,0
NaN,SLC27A1,376497,0
NaN,SLC27A4,10999,0
NaN,ATP6V1G3,127124,0
NaN,ATP6V1C2,245973,0
NaN,SLC43A2,124935,0
NaN,GBGT1,26301,0
NaN,FUK,197258,0
NaN,UCK1,83549,0
NaN,AFMID,125061,0
NaN,CMPK2,129607,0
NaN,SLC2A7,155184,0
NaN,ALDH1L2,160428,0
NaN,MTHFD1L,25902,0
NaN,FUCA2,2519,0
NaN,HSD3B7,80270,0
NaN,PDXP,57026,0
NaN,B3GAT2,135152,0
NaN,CHSY3,337876,0
NaN,SLC2A12,154091,0
NaN,GALNT13,114805,0
NaN,GALNT9,50614,0
NaN,MIOX,55586,0
NaN,SLC2A13,114134,0
NaN,GALNT15,117248,0
NaN,GALNT5,11227,0
NaN,IDI2,91734,0
NaN,B3GALT6,126792,0
NaN,SLC5A8,160728,0
NaN,SLC25A18,83733,0
NaN,SLC17A8,246213,0
NaN,SLC22A10,387775,0
NaN,CYB5D1,124637,0
NaN,2713_AT1,2713,0
NaN,GPAM,57678,0
NaN,PIGW,284098,0
NaN,PIGM,93183,0
NaN,PIGX,54965,0
NaN,CYP8B1,1582,0
NaN,GPX6,257202,0
NaN,SLC35B2,347734,0
NaN,2679_AT1,2679,0
NaN,ACMSD,130013,0
NaN,2974_AT1,2974,0
NaN,GDA,9615,0
NaN,PDE7A,5150,0
NaN,PDE7A,5150,0
NaN,PIGS,94005,0
NaN,PIGU,128869,0
NaN,GANC,2595,0
NaN,MCEE,84693,0
NaN,MOGAT1,116255,0
NaN,HAS3,3038,0
NaN,HAS3,3038,0
NaN,SLC4A9,83697,0
NaN,ACY3,91703,0
NaN,ATP1A4,480,0
NaN,HIBADH,11112,0
NaN,CNDP1,84735,0
NaN,SLC24A4,123041,0
NaN,SLC24A4,123041,0
NaN,SLC24A4,123041,0
NaN,HMGCLL1,54511,0
NaN,26062_AT1,26062,0
NaN,LDHD,197257,0
NaN,LDHD,197257,0
NaN,NMNAT3,349565,0
NaN,NMNAT1,64802,0
NaN,645740_AT1,645740,0
NaN,201288_AT1,201288,0
NaN,PLA2G4E,123745,0
NaN,HCST,10870,0
NaN,ST6GALNAC1,55808,0
NaN,PLCXD2,257068,0
NaN,IP6K3,117283,0
NaN,PLCD4,84812,0
NaN,PLCD3,113026,0
NaN,PLCZ1,89869,0
NaN,PLPP3,8613,0
NaN,PLPP1,8611,0
NaN,PLPP1,8611,0
NaN,PLPP2,8612,0
NaN,CYP4F22,126410,0
NaN,TPH2,121278,0
NaN,IDO2,169355,0
NaN,SLC5A11,115584,0
NaN,SLC34A3,142680,0
NaN,ACOT4,122970,0
NaN,HACL1,26061,0
NaN,SAT2,112483,0
NaN,SLC46A1,113235,0
NaN,UPP2,151531,0
NaN,SLC40A1,30061,0
NaN,SLC35B4,84912,0
NaN,FLVCR1,28982,0
NaN,RDH10,157506,0
NaN,SDR16C5,195814,0
NaN,RDH13,112724,0
NaN,SLC6A18,348932,0
NaN,SLC36A4,120103,0
NaN,ABCC11,85320,0
NaN,RDH12,145226,0
NaN,SLC29A4,222962,0
NaN,SLC52A3,113278,0
NaN,UGT2B7,7364,0
NaN,AQP10,89872,0
NaN,UGT2B10,7365,0
NaN,UGT2B11,10720,0
NaN,SLC5A10,125206,0
NaN,SLC5A9,200010,0
NaN,HS3ST4,9951,0
NaN,HS3ST5,222537,0
NaN,KCNJ11,3767,0
NaN,FTMT,94033,0
NaN,RBP2,5948,0
NaN,HS3ST6,64711,0
NaN,SGMS2,166929,0
NaN,CHST13,166012,0
NaN,CHST14,113189,0
NaN,GPCPD1,56261,0
NaN,NT5C1B,93034,0
NaN,NT5C1A,84618,0
NaN,AK7,122481,0
NaN,NT5C3A,51251,0
NaN,ADSSL1,122622,0
NaN,ADSSL1,122622,0
NaN,CHST6,4166,0
NaN,GGT6,124975,0
NaN,GGT7,2686,0
NaN,HS6ST2,90161,0
NaN,102724197_AT1,102724197,0
NaN,HS6ST2,90161,0
NaN,HS6ST3,266722,0
NaN,COMTD1,118881,0
NaN,CBSL,102724560,0
NaN,CARNS1,57571,0
NaN,MDH1B,130752,0
NaN,GLYCTK,132158,0
NaN,ENPP7,339221,0
NaN,TMEM91,641649,0
NaN,100287639_AT1,100287639,0
NaN,NAPRT,93100,0
NaN,RRM2B,50484,0
NaN,SLC26A8,116369,0
NaN,SLC26A7,115111,0
NaN,SLC9A4,389015,0
NaN,SLC26A7,115111,0
NaN,SLC26A11,284129,0
NaN,SLC26A9,115019,0
NaN,SLC26A9,115019,0
NaN,SLC26A8,116369,0
NaN,PGM2,55276,0
NaN,PANK1,53354,0
NaN,PANK1,53354,0
NaN,PANK1,53354,0
NaN,NUDT12,83594,0
NaN,PYCR2,29920,0
NaN,SGPP2,130367,0
NaN,SLC36A2,153201,0
NaN,ST3GAL3,6487,0
NaN,ST3GAL3,6487,0
NaN,ABCG8,64241,0
NaN,SLC13A5,284111,0
NaN,ST3GAL3,6487,0
NaN,8781_AT1,8781,0
NaN,ST3GAL3,6487,0
NaN,ST3GAL3,6487,0
NaN,ST3GAL3,6487,0
NaN,ST3GAL3,6487,0
NaN,ST3GAL3,6487,0
NaN,ST3GAL3,6487,0
NaN,TKTL2,84076,0
NaN,ST3GAL3,6487,0
NaN,ST3GAL3,6487,0
NaN,286016_AT1,286016,0
NaN,ST6GALNAC3,256435,0
NaN,ST6GALNAC6,30815,0
NaN,CA13,377677,0
NaN,ASPG,374569,0
NaN,100507855_AT1,100507855,0
NaN,CYP4V2,285440,0
NaN,NT5C1B,93034,0
NaN,CLYBL,171425,0
NaN,CLYBL,171425,0
NaN,GNPDA2,132789,0
NaN,HAGHL,84264,0
NaN,HAGHL,84264,0
NaN,AMDHD1,144193,0
NaN,SDSL,113675,0
NaN,ACOT6,641372,0
NaN,PCBD2,84105,0
NaN,LYZL1,84569,0
NaN,TPTE2,93492,0
NaN,CYP2S1,29785,0
NaN,CYP4Z1,199974,0
NaN,CYP4X1,260293,0
NaN,CPA6,57094,0
NaN,CPA5,93979,0
NaN,SLC25A27,9481,0
NaN,ND6,4541,0
NaN,NDUFA11,126328,0
NaN,ND4L,4539,0
NaN,NDUFV3,4731,0
NaN,ND3,4537,0
NaN,ND4,4538,0
NaN,NDUFB9,4715,0
NaN,ND1,4535,0
NaN,UROC1,131669,0
NaN,NDUFA12,55967,0
NaN,ND5,4540,0
NaN,158160_AT1,158160,0
NaN,286297_AT1,286297,0
NaN,NDUFV3,4731,0
NaN,ELOVL3,83401,0
NaN,ELOVL7,79993,0
NaN,HACD2,201562,0
NaN,HACD3,51495,0
NaN,HACD1,9200,0
NaN,ATP11C,286410,0
NaN,HACD4,401494,0
NaN,TECRL,253017,0
NaN,NDUFB10,4716,0
NaN,FADS6,283985,0
NaN,ND2,4536,0
NaN,SLC25A29,123096,0
NaN,SLC22A9,114571,0
NaN,ACER3,55331,0
NaN,COX8C,341947,0
NaN,COX6B2,125965,0
NaN,ACER1,125981,0
NaN,ACER2,340485,0
NaN,PXYLP1,92370,0
NaN,COX2,4513,0
NaN,ACPT,93650,0
NaN,ACP7,390928,0
NaN,GBA2,57704,0
NaN,UPRT,139596,0
NaN,COX3,4514,0
NaN,P4HA3,283208,0
NaN,COX4I2,84701,0
NaN,COX1,4512,0
NaN,8041_AT1,8041,0
NaN,COX7B2,170712,0
NaN,PHPT1,29085,0
NaN,PLPPR5,163404,0
NaN,DAGLB,221955,0
NaN,PNLIPRP3,119548,0
NaN,FABP12,646486,0
NaN,PLPP7,84814,0
NaN,TNS2,23371,0
NaN,CTDSPL2,51496,0
NaN,PTPRQ,374462,0
NaN,PLPP6,403313,0
NaN,MDP1,145553,0
NaN,FABP9,646480,0
NaN,ACSM4,341392,0
NaN,PTPDC1,138639,0
NaN,PIP5KL1,138429,0
NaN,344967_AT1,344967,0
NaN,LRTOMT,220074,0
NaN,MBOAT1,154141,0
NaN,LCLAT1,253558,0
NaN,PLPPR2,64748,0
NaN,PLPP5,84513,0
NaN,PLPPR3,79948,0
NaN,COQ5,84274,0
NaN,PLPPR4,9890,0
NaN,KMT5C,84787,0
NaN,LPIN3,64900,0
NaN,PLPP4,196051,0
NaN,EPT1,85465,0
NaN,PLD4,122618,0
NaN,PLD6,201164,0
NaN,SETD7,80854,0
NaN,KMT5A,387893,0
NaN,CERS5,91012,0
NaN,CERS3,204219,0
NaN,KMT2C,58508,0
NaN,ASAH2,56624,0
NaN,FUT11,170384,0
NaN,MGAT4D,152586,0
NaN,B3GALNT2,148789,0
NaN,ALG1L,200810,0
NaN,644378_AT1,644378,0
NaN,KMT2E,55904,0
NaN,ALG1L2,644974,0
NaN,SETDB2,83852,0
NaN,B4GALNT3,283358,0
NaN,KMT5B,51111,0
NaN,MGAT5B,146664,0
NaN,GLT6D1,360203,0
NaN,SEC11C,90701,0
NaN,GCNT7,140687,0
NaN,PXDNL,137902,0
NaN,STT3B,201595,0
NaN,TKFC,26007,0
NaN,FAAH2,158584,0
NaN,B3GNT9,84752,0
NaN,PGM2L1,283209,0
NaN,B3GLCT,145173,0
NaN,B4GALNT2,124872,0
NaN,FUT10,84750,0
NaN,CES5A,221223,0
NaN,B4GALNT4,338707,0
NaN,SLC47A2,146802,0
NaN,GALNTL5,168391,0
NaN,SLC10A6,345274,0
NaN,SLC22A12,116085,0
NaN,HYKK,123688,0
NaN,HEXDC,284004,0
NaN,NEU4,129807,0
NaN,AKR1B15,441282,0
NaN,SDR9C7,121214,0
NaN,HSD11B1L,374875,0
NaN,GPX8,493869,0
NaN,SDR42E2,100288072,0
NaN,SDR42E1,93517,0
NaN,340811_AT1,340811,0
NaN,SCARF2,91179,0
NaN,ENPP6,133121,0
NaN,PHYKPL,85007,0
NaN,SLC51A,200931,0
NaN,SLC51B,123264,0
NaN,MYO5B,4645,0
NaN,ATP5L2,267020,0
NaN,CYTB,4519,0
